"","","","Season","Team","GP","TOI","CF","CA","C+/-","CF%","Rel CF%","GF","GA","G+/-","GF%","Rel GF%","xGF","xGA","xG+/-","xGF%","Rel xGF%","PENT","PEND","P+/-","PDO","ZSR"
"ADAM.ERNE","CEDRIC.PAQUETTE","MATHIEU.JOSEPH","2018-2019","T.B",28,113.37,89,90,-1,49.72,-3.36,2,2,0,50,-5.67,2.94,3.15,-0.21,48.28,-3.89,16,14,-2,100.22,48.48
"ADAM.ERNE","CEDRIC.PAQUETTE","RYAN.CALLAHAN","2018-2019","T.B",27,195.9,151,165,-14,47.78,-4,7,6,1,53.85,-2.19,5.47,5.94,-0.47,47.94,-2.55,16,7,-9,101.87,42.37
"ADAM.HENRIQUE","DANIEL.SPRONG","NICK.RITCHIE","2018-2019","ANA",30,156.73,136,148,-12,47.89,-0.82,3,4,-1,42.86,-1.48,5.91,6.38,-0.47,48.09,4.42,10,5,-5,98.94,59.57
"ADAM.HENRIQUE","JAKOB.SILFVERBERG","MAX.COMTOIS","2018-2019","ANA",6,51.37,41,61,-20,40.2,0.86,5,1,4,83.33,28.79,1.85,2.45,-0.6,43.02,7,2,1,-1,119.5,43.24
"ADAM.HENRIQUE","MAX.JONES","TROY.TERRY","2018-2019","ANA",13,57.92,58,46,12,55.77,8.68,2,0,2,100,48.84,2.35,1.61,0.74,59.34,15.51,2,3,1,107.41,74.19
"ADAM.HENRIQUE","NICK.RITCHIE","ONDREJ.KASE","2018-2019","ANA",23,140.67,122,117,5,51.05,3.47,6,4,2,60,16.34,4.83,3.97,0.86,54.89,10.4,11,6,-5,104.26,61.04
"ADAM.LOWRY","ANDREW.COPP","BRANDON.TANEV","2018-2019","WPG",51,251.95,264,209,55,55.81,7.88,8,5,3,61.54,13.12,10.92,8.37,2.55,56.61,9.86,9,18,9,101.85,46.43
"ADAM.LOWRY","BRANDON.TANEV","BRYAN.LITTLE","2018-2019","WPG",20,135.58,97,135,-38,41.81,-4.11,4,3,1,57.14,6.51,4.48,5.11,-0.63,46.72,0.55,6,8,2,102.21,25.88
"ADAM.LOWRY","BRANDON.TANEV","MATHIEU.PERREAULT","2018-2019","WPG",48,310.87,312,278,34,52.88,4.73,12,9,3,57.14,6.57,11.87,9.41,2.46,55.78,9.55,15,19,4,100.41,44.04
"ADRIAN.KEMPE","CARL.GRUNDSTROM","TYLER.TOFFOLI","2018-2019","L.A",11,108.47,111,86,25,56.35,10.45,3,3,0,50,6.41,5.64,2.7,2.94,67.63,19.29,6,5,-1,98.88,61.9
"ADRIAN.KEMPE","CARL.HAGELIN","ILYA.KOVALCHUK","2018-2019","L.A",12,88.63,80,70,10,53.33,2.82,2,4,-2,33.33,-15.72,2.63,3.14,-0.51,45.58,-3.81,1,6,5,95.87,71.79
"ADRIAN.KEMPE","CARL.HAGELIN","TYLER.TOFFOLI","2018-2019","L.A",18,69.28,72,44,28,62.07,13.51,2,2,0,50,0,3.28,1.37,1.91,70.54,22.59,2,1,-1,94.6,70
"ADRIAN.KEMPE","JEFF.CARTER","TYLER.TOFFOLI","2018-2019","L.A",22,56.97,55,45,10,55,8.82,3,2,1,60,12,2.94,2.18,0.76,57.42,8.9,3,1,-2,101.19,48.65
"ALEKSANDER.BARKOV","EVGENY.DADONOV","FRANK.VATRANO","2018-2019","FLA",42,84.28,68,91,-23,42.77,-6.48,4,6,-2,40,-7.62,2.7,3.83,-1.13,41.35,-6.56,4,6,2,95.24,47.83
"ALEKSANDER.BARKOV","EVGENY.DADONOV","JONATHAN.HUBERDEAU","2018-2019","FLA",49,342.43,332,315,17,51.31,1.75,25,16,9,60.98,21.22,15.28,17.03,-1.75,47.29,-0.55,16,22,6,103.4,45
"ALEKSANDER.BARKOV","EVGENY.DADONOV","MIKE.HOFFMAN","2018-2019","FLA",45,196.03,174,187,-13,48.2,-1.09,9,9,0,50,8.1,7.81,9.21,-1.4,45.89,-0.93,6,14,8,99.77,53.79
"ALEKSANDER.BARKOV","EVGENY.DADONOV","NICK.BJUGSTAD","2018-2019","FLA",17,122.47,113,99,14,53.3,2.68,6,5,1,54.55,10.1,4.52,5.81,-1.29,43.76,-5.98,6,12,6,100.6,50
"ALEKSANDER.BARKOV","FRANK.VATRANO","JONATHAN.HUBERDEAU","2018-2019","FLA",26,87.4,89,71,18,55.62,6.93,6,4,2,60,13.06,5.41,2.96,2.45,64.64,17.83,6,4,-2,101.54,32.61
"ALEKSANDER.BARKOV","JONATHAN.HUBERDEAU","MIKE.HOFFMAN","2018-2019","FLA",54,159.52,135,152,-17,47.04,-2.9,6,6,0,50,6.71,6.43,6.5,-0.07,49.73,3.13,5,13,8,99.74,46.79
"ALEX.CHIASSON","CONNOR.MCDAVID","LEON.DRAISAITL","2018-2019","EDM",48,245.55,241,253,-12,48.79,0.53,14,10,4,58.33,15.56,11.15,12.46,-1.31,47.23,0.45,9,17,8,104.82,59.3
"ALEX.CHIASSON","LEON.DRAISAITL","TOBIAS.RIEDER","2018-2019","EDM",30,199.17,168,186,-18,47.46,0.56,5,2,3,71.43,31.81,7.91,6.8,1.11,53.77,7.02,10,17,7,103.2,53.12
"ALEX.CHIASSON","MILAN.LUCIC","RYAN.NUGENT-HOPKINS","2018-2019","EDM",26,83.95,59,75,-16,44.03,-3.46,2,2,0,50,4.31,2.21,3.64,-1.43,37.78,-8.43,6,6,0,102.02,40.74
"ALEX.DEBRINCAT","BRENDAN.PERLINI","DYLAN.STROME","2018-2019","CHI",19,101.45,115,99,16,53.74,5.23,6,5,1,54.55,-1.01,4.64,3.97,0.67,53.89,7.44,1,1,0,98.12,71.43
"ALEX.DEBRINCAT","DAVID.KAMPF","DYLAN.SIKURA","2018-2019","CHI",8,60.82,48,44,4,52.17,9.05,1,0,1,100,47.83,1.71,1.8,-0.09,48.72,5.93,2,1,-1,103.23,51.22
"ALEX.DEBRINCAT","DOMINIK.KAHUN","DYLAN.STROME","2018-2019","CHI",27,161.9,138,181,-43,43.26,-6.22,14,8,6,63.64,16.18,5.49,7.6,-2.11,41.94,-3.71,12,6,-6,107.98,52.81
"ALEX.DEBRINCAT","DOMINIK.KAHUN","JONATHAN.TOEWS","2018-2019","CHI",41,205.27,235,208,27,53.05,3.62,12,11,1,52.17,4.05,8.69,9.85,-1.16,46.87,2.66,11,7,-4,99.15,62.5
"ALEX.DEBRINCAT","DYLAN.STROME","PATRICK.KANE","2018-2019","CHI",48,139.57,138,158,-20,46.62,-1.86,13,15,-2,46.43,-6.18,5.59,7.97,-2.38,41.22,-4.68,13,11,-2,102.35,59.21
"ALEX.DEBRINCAT","JONATHAN.TOEWS","PATRICK.KANE","2018-2019","CHI",62,72.83,72,66,6,52.17,3.07,7,6,1,53.85,5.71,2.43,3.19,-0.76,43.24,-1.45,1,2,1,106.19,72.97
"ALEX.GALCHENYUK","CLAYTON.KELLER","NICK.COUSINS","2018-2019","ARI",35,161.9,165,183,-18,47.41,-1.64,5,8,-3,38.46,-4.4,7.05,6.46,0.59,52.18,0.69,7,6,-1,97.22,70
"ALEX.GALCHENYUK","CLAYTON.KELLER","NICK.SCHMALTZ","2018-2019","ARI",14,71.8,65,67,-2,49.24,2.21,3,5,-2,37.5,-8.15,3.57,3.85,-0.28,48.11,4.32,3,7,4,96.88,78.57
"ALEX.GALCHENYUK","CONOR.GARLAND","NICK.COUSINS","2018-2019","ARI",25,103.25,104,79,25,56.83,8.73,6,1,5,85.71,42.69,3.95,3.42,0.53,53.6,2.65,5,4,-1,107.31,67.16
"ALEX.IAFALLO","ANZE.KOPITAR","DUSTIN.BROWN","2018-2019","L.A",61,704.03,641,683,-42,48.41,0.34,26,29,-3,47.27,0.57,25.02,27.49,-2.47,47.65,-0.66,35,24,-11,99.83,44.34
"ALEX.IAFALLO","ANZE.KOPITAR","ILYA.KOVALCHUK","2018-2019","L.A",24,73,61,77,-16,44.2,-5.82,5,3,2,62.5,18.18,2.84,3.82,-0.98,42.64,-6.13,1,2,1,108.97,34.78
"ALEX.IAFALLO","ANZE.KOPITAR","TYLER.TOFFOLI","2018-2019","L.A",47,66.7,71,42,29,62.83,14.95,2,3,-1,40,-5.66,2.32,2.14,0.18,52.02,5.04,1,0,-1,92.76,54.55
"ALEX.IAFALLO","BRENDAN.LEIPSIC","JEFF.CARTER","2018-2019","L.A",14,68.02,57,58,-1,49.57,1.73,3,1,2,75,30.81,1.47,1.9,-0.43,43.62,-6.01,5,1,-4,105.03,55
"ALEX.KERFOOT","COLIN.WILSON","TYSON.JOST","2018-2019","COL",32,160.13,139,130,9,51.67,3.15,4,5,-1,44.44,-10.56,5.09,4.46,0.63,53.3,3.46,14,10,-4,97.74,62.63
"ALEX.KERFOOT","J.T..COMPHER","TYSON.JOST","2018-2019","COL",31,78.6,77,82,-5,48.43,-3.34,5,1,4,83.33,33.8,3.31,2.52,0.79,56.78,7.61,4,7,3,108.67,53.57
"ALEX.KERFOOT","MATT.CALVERT","TYSON.JOST","2018-2019","COL",34,53.4,61,46,15,57.01,7.38,1,1,0,50,-4.1,1.75,1.49,0.26,54.01,5.12,6,4,-2,97.06,50
"ALEX.KERFOOT","MIKKO.RANTANEN","NATHAN.MACKINNON","2018-2019","COL",27,60.43,75,48,27,60.98,11.04,3,1,2,75,24.49,2.46,2.22,0.24,52.56,3.45,4,5,1,102.96,58.14
"ALEX.KILLORN","ANTHONY.CIRELLI","J.T..MILLER","2018-2019","T.B",46,254.25,259,174,85,59.82,8.81,14,3,11,82.35,25.07,11.45,5.97,5.48,65.73,13.88,14,16,2,105.67,39.87
"ALEX.KILLORN","ANTHONY.CIRELLI","MATHIEU.JOSEPH","2018-2019","T.B",46,280.58,288,220,68,56.69,5.1,15,12,3,55.56,-0.84,11.52,9.06,2.46,55.98,4.1,16,16,0,101.19,52.8
"ALEX.KILLORN","ANTHONY.CIRELLI","YANNI.GOURDE","2018-2019","T.B",39,54.03,64,38,26,62.75,12.17,3,2,1,60,6.84,1.64,1.55,0.09,51.41,-1.37,2,5,3,98.57,58.33
"ALEX.KILLORN","ONDREJ.PALAT","STEVEN.STAMKOS","2018-2019","T.B",7,58.33,59,55,4,51.75,4.34,1,1,0,50,-10.71,2.37,1.47,0.9,61.72,8.25,3,1,-2,100.37,70.59
"ALEX.OVECHKIN","BRETT.CONNOLLY","EVGENY.KUZNETSOV","2018-2019","WSH",34,60.88,58,72,-14,44.62,-5.53,6,4,2,60,8.03,3.45,4.04,-0.59,46.06,-0.25,8,4,-4,108.83,65.31
"ALEX.OVECHKIN","EVGENY.KUZNETSOV","JAKUB.VRANA","2018-2019","WSH",18,51.23,40,58,-18,40.82,-9.78,4,6,-2,40,-15.41,1.44,3.17,-1.73,31.24,-14.01,2,3,1,101.52,56.25
"ALEX.OVECHKIN","EVGENY.KUZNETSOV","TOM.WILSON","2018-2019","WSH",46,307.77,311,305,6,50.49,0.47,20,12,8,62.5,8.38,13.83,15.33,-1.5,47.43,-1.38,32,26,-6,104.93,61.95
"ALEX.OVECHKIN","NICKLAS.BACKSTROM","T.J..OSHIE","2018-2019","WSH",57,238.52,244,222,22,52.36,3.25,14,10,4,58.33,6.71,9.42,10.24,-0.82,47.91,1.49,19,16,-3,101.44,61.83
"ALEX.OVECHKIN","NICKLAS.BACKSTROM","TOM.WILSON","2018-2019","WSH",51,199.7,192,201,-9,48.85,-1.51,9,11,-2,45,-11.86,8.23,10.29,-2.06,44.44,-3.93,15,13,-2,99,50.67
"ALEX.RADULOV","JAMIE.BENN","TYLER.SEGUIN","2018-2019","DAL",63,474.92,516,456,60,53.09,4.89,32,16,16,66.67,20.51,24.7,17.69,7.01,58.27,9.19,37,28,-9,104.82,63.62
"ALEX.RADULOV","MATTIAS.JANMARK","TYLER.SEGUIN","2018-2019","DAL",59,120.1,114,108,6,51.35,1.74,4,2,2,66.67,15.6,3.42,5.4,-1.98,38.78,-12.5,8,7,-1,103.91,53.57
"ALEX.RADULOV","ROOPE.HINTZ","TYLER.SEGUIN","2018-2019","DAL",28,136.28,150,132,18,53.19,3.77,8,6,2,57.14,1.46,7.34,5.86,1.48,55.61,4.55,7,5,-2,101.42,49.56
"ALEX.STEEN","DAVID.PERRON","RYAN.O'REILLY","2018-2019","STL",14,91.7,96,55,41,63.58,10.4,6,0,6,100,50,3.56,1.53,2.03,69.94,13.48,9,5,-4,111.54,43.66
"ALEX.STEEN","IVAN.BARBASHEV","ZACH.SANFORD","2018-2019","STL",12,51.95,53,38,15,58.24,7.68,4,1,3,80,20,2.09,2.1,-0.01,49.88,-1.71,3,1,-2,108.24,22.73
"ALEX.STEEN","JADEN.SCHWARTZ","TYLER.BOZAK","2018-2019","STL",22,107.43,94,102,-8,47.96,-3.57,6,3,3,66.67,8.92,3.9,2.65,1.25,59.54,3.41,1,5,4,103.79,55.81
"ALEX.STEEN","PAT.MAROON","TYLER.BOZAK","2018-2019","STL",28,59.82,54,57,-3,48.65,-3.05,2,6,-4,25,-28.4,2.17,2.04,0.13,51.54,-0.72,5,4,-1,86.21,30.3
"ALEX.STEEN","RYAN.O'REILLY","VLADIMIR.TARASENKO","2018-2019","STL",19,60.45,71,52,19,57.72,8.52,2,2,0,50,9.09,2.27,1.77,0.5,56.19,4.79,3,6,3,99.82,56.67
"ALEX.TUCH","BRANDON.PIRRI","PAUL.STASTNY","2018-2019","VGK",25,102.08,128,88,40,59.26,6.16,8,1,7,88.89,36.14,5.6,3.39,2.21,62.29,7.21,5,6,1,108.83,72.73
"ALEX.TUCH","CODY.EAKIN","MAX.PACIORETTY","2018-2019","VGK",37,195.38,181,202,-21,47.26,-7.4,11,9,2,55,2.3,7.33,8.72,-1.39,45.67,-11.17,8,11,3,103.01,50.38
"ALEX.TUCH","JONATHAN.MARCHESSAULT","WILLIAM.KARLSSON","2018-2019","VGK",53,52.58,45,62,-17,42.06,-11.56,2,4,-2,33.33,-19.82,2.46,3.03,-0.57,44.81,-10.94,1,1,0,97.17,63.16
"ALEX.TUCH","MAX.PACIORETTY","PAUL.STASTNY","2018-2019","VGK",29,203.18,221,170,51,56.52,2.65,12,12,0,50,-6.44,12.67,8.21,4.46,60.68,3.54,11,7,-4,96.92,54.42
"ALEX.WENNBERG","ANTHONY.DUCLAIR","BRANDON.DUBINSKY","2018-2019","CBJ",11,53.95,38,61,-23,38.38,-9.45,0,8,-8,0,-54.35,1.22,3.37,-2.15,26.58,-18.82,0,0,0,80.49,40.54
"ALEX.WENNBERG","ANTHONY.DUCLAIR","NICK.FOLIGNO","2018-2019","CBJ",17,81.17,64,78,-14,45.07,-5.25,5,2,3,71.43,30.1,2.65,4.67,-2.02,36.2,-11.44,3,6,3,109.83,68.97
"ALEX.WENNBERG","ANTHONY.DUCLAIR","OLIVER.BJORKSTRAND","2018-2019","CBJ",31,122.37,116,121,-5,48.95,-1.13,6,8,-2,42.86,-13.92,4.98,6.59,-1.61,43.04,-9.63,6,9,3,98.41,70
"ALEX.WENNBERG","BOONE.JENNER","OLIVER.BJORKSTRAND","2018-2019","CBJ",25,59,61,55,6,52.59,1.19,4,3,1,57.14,5.26,2.6,2.07,0.53,55.67,1.11,0,3,3,100.65,46.15
"ALEX.WENNBERG","BRANDON.DUBINSKY","OLIVER.BJORKSTRAND","2018-2019","CBJ",21,63.35,66,53,13,55.46,8.61,3,4,-1,42.86,-13.39,2.62,1.84,0.78,58.74,10.31,1,4,3,88.45,20.93
"ANDERS.LEE","BROCK.NELSON","JORDAN.EBERLE","2018-2019","NYI",66,509.98,479,495,-16,49.18,1.69,18,14,4,56.25,3.72,23.06,20.45,2.61,53,1.37,24,29,5,101.53,45.92
"ANDERS.LEE","BROCK.NELSON","JOSH.BAILEY","2018-2019","NYI",54,157.65,121,165,-44,42.31,-5.54,11,5,6,68.75,12.84,5.98,7.1,-1.12,45.72,-4.58,10,9,-1,111.93,47.73
"ANDERS.LEE","JORDAN.EBERLE","MATHEW.BARZAL","2018-2019","NYI",56,145.45,180,133,47,57.51,10.83,8,4,4,66.67,13.66,8.5,4.71,3.79,64.35,14.35,7,5,-2,102.64,71.83
"ANDERS.LEE","JOSH.BAILEY","MATHEW.BARZAL","2018-2019","NYI",52,73.9,72,60,12,54.55,7.01,4,3,1,57.14,1.99,3.33,2.2,1.13,60.22,9.55,2,4,2,101.43,67.5
"ANDREAS.ATHANASIOU","ANTHONY.MANTHA","TYLER.BERTUZZI","2018-2019","DET",21,62.15,67,67,0,50,5.8,1,4,-3,20,-20.51,3.09,3.73,-0.64,45.31,6.49,1,11,10,92.05,67.86
"ANDREAS.ATHANASIOU","DARREN.HELM","LUKE.GLENDENING","2018-2019","DET",28,128.32,108,141,-33,43.37,-5.91,5,7,-2,41.67,-6.41,4.07,6.86,-2.79,37.24,-9.66,6,7,1,99.36,39.05
"ANDREAS.ATHANASIOU","FRANS.NIELSEN","GUSTAV.NYQUIST","2018-2019","DET",27,95.9,78,105,-27,42.62,-5.03,5,3,2,62.5,10.98,3.31,4.07,-0.76,44.85,-3.09,4,6,2,106.99,60.27
"ANDREAS.ATHANASIOU","FRANS.NIELSEN","THOMAS.VANEK","2018-2019","DET",32,96,73,85,-12,46.2,-0.27,3,5,-2,37.5,-8.24,2.89,3.69,-0.8,43.92,-1.06,5,6,1,97.48,62.5
"ANDREAS.JOHNSSON","AUSTON.MATTHEWS","KASPERI.KAPANEN","2018-2019","TOR",32,195.05,231,183,48,55.8,2.88,12,5,7,70.59,18.76,8.8,7.71,1.09,53.3,-0.9,12,16,4,104.49,55.28
"ANDREAS.JOHNSSON","AUSTON.MATTHEWS","WILLIAM.NYLANDER","2018-2019","TOR",29,172.93,232,174,58,57.14,4.19,10,12,-2,45.45,-5.41,11.94,6.55,5.39,64.58,13.24,5,6,1,95.14,56.12
"ANDREAS.JOHNSSON","CONNOR.BROWN","PAR.LINDHOLM","2018-2019","TOR",19,125.78,112,129,-17,46.47,-4.04,6,3,3,66.67,12.82,4,6.18,-2.18,39.29,-10.28,4,5,1,107.95,36.36
"ANDREAS.JOHNSSON","JOHN.TAVARES","MITCH.MARNER","2018-2019","TOR",46,93.87,106,86,20,55.21,4.47,7,2,5,77.78,28.78,3.6,3.36,0.24,51.72,1.38,3,4,1,107.02,53.97
"ANDRE.BURAKOVSKY","BRETT.CONNOLLY","LARS.ELLER","2018-2019","WSH",54,288.25,273,302,-29,47.48,-1.45,13,13,0,50,-4.37,10.52,14,-3.48,42.9,-4.47,11,14,3,101.48,48.09
"ANDRE.BURAKOVSKY","DEVANTE.SMITH-PELLY","TRAVIS.BOYD","2018-2019","WSH",13,53.37,58,59,-1,49.57,2.69,3,2,1,60,5.83,2.3,2.04,0.26,53,10.1,2,2,0,103.03,48.57
"ANDREI.SVECHNIKOV","BROCK.MCGINN","JORDAN.MARTINOOK","2018-2019","CAR",20,157.68,155,113,42,57.84,4.4,8,3,5,72.73,12.73,6.37,4.93,1.44,56.37,-0.82,8,10,2,104.36,56.36
"ANDREI.SVECHNIKOV","JORDAN.MARTINOOK","LUCAS.WALLMARK","2018-2019","CAR",44,272.68,346,224,122,60.7,5.45,9,10,-1,47.37,4.61,21.7,10.61,11.09,67.16,12.44,18,13,-5,95.85,56.28
"ANDREI.SVECHNIKOV","JORDAN.STAAL","TEUVO.TERAVAINEN","2018-2019","CAR",23,133.48,158,90,68,63.71,8.56,4,2,2,66.67,19.37,6.42,4.42,2,59.23,2.86,4,4,0,100.77,43.69
"ANDREI.SVECHNIKOV","JUSTIN.WILLIAMS","LUCAS.WALLMARK","2018-2019","CAR",30,69.5,81,68,13,54.36,-0.02,3,4,-1,42.86,-0.94,4.72,3,1.72,61.14,3.9,5,7,2,93.98,46.43
"ANDREW.COGLIANO","BLAKE.COMEAU","RADEK.FAKSA","2018-2019","DAL",18,76.78,58,77,-19,42.96,-5.38,2,4,-2,33.33,-25.2,2.64,4.16,-1.52,38.82,-14.85,5,5,0,97.74,23.08
"ANDREW.COGLIANO","JAKOB.SILFVERBERG","RYAN.KESLER","2018-2019","ANA",31,239.98,204,230,-26,47,-2.25,3,5,-2,37.5,-8.89,8.05,9.7,-1.65,45.35,-1.59,12,14,2,98.2,35.76
"ANDREW.COGLIANO","KIEFER.SHERWOOD","RYAN.KESLER","2018-2019","ANA",30,84.97,84,104,-20,44.68,-2.48,2,1,1,66.67,17.71,4.27,4.3,-0.03,49.82,6.32,6,3,-3,102.65,44.23
"ANDREW.COPP","BRENDAN.LEMIEUX","MASON.APPLETON","2018-2019","WPG",20,135.65,115,140,-25,45.1,-1.58,9,3,6,75,27.11,4.72,6.22,-1.5,43.14,-1.97,8,14,6,111.9,54.29
"ANDREW.COPP","JACK.ROSLOVIC","MATHIEU.PERREAULT","2018-2019","WPG",18,72.98,63,50,13,55.75,9.96,5,1,4,83.33,39.78,3.13,2.58,0.55,54.82,12.51,6,1,-5,109.67,54.76
"ANDREW.LADD","ANTHONY.BEAUVILLIER","BROCK.NELSON","2018-2019","NYI",10,53.42,47,45,2,51.09,6.04,1,1,0,50,3.12,2.17,2.12,0.05,50.58,2.41,3,1,-2,100.22,42.86
"ANDREW.LADD","LEO.KOMAROV","VALTTERI.FILPPULA","2018-2019","NYI",17,106.4,74,113,-39,39.57,-8.71,5,3,2,62.5,7.12,3.31,4.81,-1.5,40.76,-10.11,6,4,-2,106.82,43.42
"ANDREW.MANGIAPANE","DEREK.RYAN","GARNET.HATHAWAY","2018-2019","CGY",34,208.08,215,165,50,56.58,1.75,14,2,12,87.5,31.15,9.28,5.5,3.78,62.79,9.94,12,9,-3,109.72,51.26
"ANDREW.MANGIAPANE","JAMES.NEAL","MARK.JANKOWSKI","2018-2019","CGY",9,61.68,54,55,-1,49.54,-1.52,0,2,-2,0,-58.97,1.94,2.28,-0.34,45.97,-5.45,5,2,-3,92.86,56.1
"ANDREW.SHAW","ARTTURI.LEHKONEN","MAX.DOMI","2018-2019","MTL",22,79.5,84,83,1,50.3,-4.54,7,2,5,77.78,27.78,4.2,2.53,1.67,62.41,7.54,4,3,-1,111.3,65.52
"ANDREW.SHAW","JONATHAN.DROUIN","MAX.DOMI","2018-2019","MTL",49,291.37,321,296,25,52.03,-3.24,22,15,7,59.46,8.94,12.96,13.14,-0.18,49.66,-5.25,17,17,0,103.84,50.23
"ANDREW.SHAW","MAX.DOMI","PAUL.BYRON","2018-2019","MTL",26,70.43,89,61,28,59.33,3.24,3,2,1,60,3.22,4.91,2.08,2.83,70.24,14.48,1,3,2,99.35,65.85
"ANDREW.SHAW","MAX.DOMI","TOMAS.TATAR","2018-2019","MTL",34,77.32,81,69,12,54,-0.88,8,1,7,88.89,35.46,4.4,3.36,1.04,56.7,2.4,5,5,0,113.89,44.64
"ANTHONY.BEAUVILLIER","JORDAN.EBERLE","MATHEW.BARZAL","2018-2019","NYI",45,82.75,86,89,-3,49.14,2.19,2,6,-4,25,-29.48,3.22,3.55,-0.33,47.56,-2.81,4,9,5,90.83,64.86
"ANTHONY.BEAUVILLIER","JOSH.BAILEY","MATHEW.BARZAL","2018-2019","NYI",59,439.45,403,408,-5,49.69,1.86,18,17,1,51.43,-6.44,18.58,18.58,0,50,-2.5,15,15,0,100.7,61.48
"ANTHONY.BEAUVILLIER","LEO.KOMAROV","VALTTERI.FILPPULA","2018-2019","NYI",42,122.8,91,121,-30,42.92,-4.51,6,5,1,54.55,-1.85,3.44,4.6,-1.16,42.79,-8.07,5,5,0,103.54,55.7
"ANTHONY.MANTHA","DARREN.HELM","DYLAN.LARKIN","2018-2019","DET",27,159.02,179,134,45,57.19,11.51,3,8,-5,27.27,-22.22,5.74,6.2,-0.46,48.07,4.82,11,15,4,92.41,61.74
"ANTHONY.MANTHA","DYLAN.LARKIN","GUSTAV.NYQUIST","2018-2019","DET",33,103.45,134,78,56,63.21,16.36,3,7,-4,30,-18.21,5.57,3.4,2.17,62.1,18.47,8,8,0,88.95,61.54
"ANTHONY.MANTHA","DYLAN.LARKIN","JUSTIN.ABDELKADER","2018-2019","DET",26,84.8,81,89,-8,47.65,-0.02,1,0,1,100,48.91,3.17,4.51,-1.34,41.28,-4.24,2,7,5,102.17,46
"ANTHONY.MANTHA","DYLAN.LARKIN","TYLER.BERTUZZI","2018-2019","DET",39,138.65,143,114,29,55.64,8.66,10,6,4,62.5,16.4,7.35,6.24,1.11,54.08,9.98,11,10,-1,102.27,51.72
"ANTHONY.MANTHA","FRANS.NIELSEN","THOMAS.VANEK","2018-2019","DET",31,117.68,105,101,4,50.97,0.58,8,6,2,57.14,12.04,4.4,4.6,-0.2,48.89,1.78,5,1,-4,103.08,76.71
"ANTOINE.ROUSSEL","BO.HORVAT","LOUI.ERIKSSON","2018-2019","VAN",31,71.37,76,52,24,59.38,12.3,2,1,1,66.67,21.21,2.91,1.54,1.37,65.39,20.76,6,2,-4,99.44,25.93
"ANTOINE.ROUSSEL","BRANDON.SUTTER","JAKE.VIRTANEN","2018-2019","VAN",21,115.15,102,118,-16,46.36,-1.6,3,4,-1,42.86,-5.09,3.71,3.67,0.04,50.27,2.59,15,7,-8,98.74,36.59
"ANTOINE.ROUSSEL","JAY.BEAGLE","TYLER.MOTTE","2018-2019","VAN",30,55.7,48,43,5,52.75,3.75,2,1,1,66.67,17.15,1.72,1.71,0.01,50.15,2.8,3,4,1,103.34,42.86
"ANTTI.SUOMELA","EVANDER.KANE","JOONAS.DONSKOI","2018-2019","S.J",24,106.65,106,106,0,50,-4.87,4,3,1,57.14,11.22,4.35,5.02,-0.67,46.42,-7.86,5,7,2,100.89,62.3
"ANTTI.SUOMELA","JOONAS.DONSKOI","MARCUS.SORENSEN","2018-2019","S.J",14,75.73,101,69,32,59.41,6.69,2,2,0,50,-4.55,6.01,2.72,3.29,68.84,17.32,6,13,7,97.89,69.81
"ANZE.KOPITAR","DUSTIN.BROWN","ILYA.KOVALCHUK","2018-2019","L.A",36,109.62,85,112,-27,43.15,-4.54,4,4,0,50,4.47,3.94,4.66,-0.72,45.81,0.49,5,3,-2,101.95,33.78
"ARTEM.ANISIMOV","BRANDON.SAAD","DOMINIK.KAHUN","2018-2019","CHI",41,66.72,97,57,40,62.99,15.17,1,4,-3,20,-31.11,4.02,3.57,0.45,52.96,7.98,2,6,4,89.57,37.5
"ARTEM.ANISIMOV","BRANDON.SAAD","DYLAN.SIKURA","2018-2019","CHI",14,71.03,76,60,16,55.88,7.59,5,4,1,55.56,5.56,2.93,2.5,0.43,53.96,9.09,1,3,2,99.35,45.24
"ARTEM.ANISIMOV","BRANDON.SAAD","PATRICK.KANE","2018-2019","CHI",40,86.93,88,86,2,50.57,-0.64,5,4,1,55.56,6.4,2.75,3.92,-1.17,41.23,-4.46,4,3,-1,104.81,85
"ARTEM.ANISIMOV","CHRIS.KUNITZ","JOHN.HAYDEN","2018-2019","CHI",19,52.43,43,54,-11,44.33,-5.87,0,3,-3,0,-55.13,1.79,2.09,-0.3,46.13,0.36,4,1,-3,91.18,60.98
"ARTEM.ANISIMOV","DOMINIK.KAHUN","PATRICK.KANE","2018-2019","CHI",14,75.78,74,82,-8,47.44,-2.69,6,1,5,85.71,34.2,3.72,3.37,0.35,52.47,3.13,1,4,3,110.54,70.37
"ARTEM.ANISIMOV","DYLAN.STROME","PATRICK.KANE","2018-2019","CHI",12,134.83,97,148,-51,39.59,-7.72,6,5,1,54.55,5.9,4.35,7.88,-3.53,35.57,-10.82,10,5,-5,105.43,51.72
"ARTEM.ANISIMOV","NICK.SCHMALTZ","PATRICK.KANE","2018-2019","CHI",14,54.48,46,58,-12,44.23,-7.47,2,4,-2,33.33,-21.99,1.95,3.14,-1.19,38.31,-8.65,0,4,4,94.41,73.91
"ARTEMI.PANARIN","CAM.ATKINSON","MATT.DUCHENE","2018-2019","CBJ",19,83.32,74,71,3,51.03,1.42,5,3,2,62.5,8.8,3.93,3.53,0.4,52.68,1.67,3,1,-2,105.86,76.79
"ARTEMI.PANARIN","CAM.ATKINSON","PIERRE-LUC.DUBOIS","2018-2019","CBJ",70,716.03,754,629,125,54.52,5.68,48,38,10,55.81,7.63,33.93,27.56,6.37,55.18,7.36,30,50,20,100.72,84.8
"ARTTURI.LEHKONEN","JESPERI.KOTKANIEMI","JOEL.ARMIA","2018-2019","MTL",37,147.87,192,116,76,62.34,8.78,8,6,2,57.14,5.58,6.89,3.94,2.95,63.62,10.25,4,4,0,98.84,63.72
"ARTTURI.LEHKONEN","JESPERI.KOTKANIEMI","KENNY.AGOSTINO","2018-2019","MTL",17,63.87,72,46,26,61.02,8.7,3,4,-1,42.86,-13.2,3.31,1.83,1.48,64.4,14.24,5,5,0,97.14,80.43
"ARTTURI.LEHKONEN","JESPERI.KOTKANIEMI","PAUL.BYRON","2018-2019","MTL",25,103.5,112,77,35,59.26,4.19,4,3,1,57.14,-1.28,4.02,3.09,0.93,56.54,1.72,7,6,-1,99.63,70.91
"ARTTURI.LEHKONEN","JONATHAN.DROUIN","MAX.DOMI","2018-2019","MTL",41,103.1,75,84,-9,47.17,-7.59,6,1,5,85.71,32.91,2.48,2.6,-0.12,48.82,-5.84,10,9,-1,112.83,53.52
"AUSTIN.CZARNIK","MARK.JANKOWSKI","SAM.BENNETT","2018-2019","CGY",18,100.18,113,70,43,61.75,4.67,3,6,-3,33.33,-24.77,4.72,3.42,1.3,57.99,1.8,9,4,-5,87.7,58.46
"AUSTIN.CZARNIK","MATTHEW.TKACHUK","MIKAEL.BACKLUND","2018-2019","CGY",25,72.67,87,65,22,57.24,2.35,2,4,-2,33.33,-22.48,3.89,3.84,0.05,50.32,-5.76,3,7,4,95.56,52.27
"AUSTIN.WAGNER","KYLE.CLIFFORD","MICHAEL.AMADIO","2018-2019","L.A",10,59.3,51,42,9,54.84,6.3,3,3,0,50,-1.35,1.35,1.53,-0.18,46.88,-0.96,1,0,-1,98.76,54.55
"AUSTIN.WAGNER","KYLE.CLIFFORD","NATE.THOMPSON","2018-2019","L.A",15,72.38,62,63,-1,49.6,2.27,2,2,0,50,3.19,3.07,1.66,1.41,64.9,18.45,6,7,1,98.47,47.5
"AUSTIN.WAGNER","KYLE.CLIFFORD","TREVOR.LEWIS","2018-2019","L.A",12,72.05,71,66,5,51.82,4.78,4,4,0,50,11.7,3.21,3.15,0.06,50.47,5.34,4,5,1,100,42.42
"AUSTIN.WATSON","COLTON.SISSONS","NICK.BONINO","2018-2019","NSH",20,132.85,121,122,-1,49.79,-5.1,6,2,4,75,25,4.8,5.21,-0.41,47.95,-7.57,5,6,1,105.57,25.69
"AUSTIN.WATSON","MIIKKA.SALOMAKI","NICK.BONINO","2018-2019","NSH",15,55.3,40,44,-4,47.62,-6.54,1,2,-1,33.33,-12.12,1.24,1.78,-0.54,41.06,-8.64,3,0,-3,96.07,34.21
"AUSTON.MATTHEWS","KASPERI.KAPANEN","PATRICK.MARLEAU","2018-2019","TOR",50,299.47,326,328,-2,49.85,-2.79,23,19,4,54.76,-1.71,14.12,13.62,0.5,50.9,-2.07,10,6,-4,102.79,61.67
"BARCLAY.GOODROW","KEVIN.LABANC","MELKER.KARLSSON","2018-2019","S.J",19,90.22,96,75,21,56.14,1.44,6,4,2,60,3.18,2.84,2.68,0.16,51.45,-3.82,4,5,1,103.57,68.97
"BARCLAY.GOODROW","LUKAS.RADIL","MELKER.KARLSSON","2018-2019","S.J",22,141.35,121,88,33,57.89,2.41,6,3,3,66.67,17.2,4.13,4.67,-0.54,46.93,-7.4,8,12,4,102.86,54.72
"BARCLAY.GOODROW","MELKER.KARLSSON","MICHEAL.HALEY","2018-2019","S.J",14,95.45,90,77,13,53.89,-0.17,2,1,1,66.67,17.61,3.71,2.88,0.83,56.3,1.67,14,9,-5,102.09,47.73
"BARCLAY.GOODROW","MELKER.KARLSSON","ROURKE.CHARTIER","2018-2019","S.J",13,67.9,59,60,-1,49.58,-8.37,0,3,-3,0,-50.91,1.62,2.63,-1.01,38.12,-21.89,6,4,-2,90.62,41.86
"BLAKE.COLEMAN","KYLE.PALMIERI","TRAVIS.ZAJAC","2018-2019","N.J",39,82.42,59,69,-10,46.09,0.37,5,4,1,55.56,9.63,2.87,2.39,0.48,54.56,6.28,7,5,-2,103.28,40.62
"BLAKE.COLEMAN","MILES.WOOD","TRAVIS.ZAJAC","2018-2019","N.J",41,275.3,283,261,22,52.02,4.8,14,19,-5,42.42,-5.19,13.21,12.97,0.24,50.46,1.69,20,23,3,94.81,34.62
"BLAKE.COLEMAN","STEFAN.NOESEN","TRAVIS.ZAJAC","2018-2019","N.J",18,105,83,102,-19,44.86,-1.65,1,6,-5,14.29,-41.07,4.26,4.69,-0.43,47.6,-6.11,10,6,-4,90.73,40.79
"BLAKE.COMEAU","JAMIE.BENN","RADEK.FAKSA","2018-2019","DAL",32,85.75,58,100,-42,36.71,-12.08,5,3,2,62.5,13.61,2.48,3.94,-1.46,38.63,-12.26,2,2,0,109.62,27.27
"BLAKE.COMEAU","JASON.DICKINSON","MATTIAS.JANMARK","2018-2019","DAL",42,112.13,93,100,-7,48.19,-0.2,2,4,-2,33.33,-20.24,3.97,3.42,0.55,53.72,2.43,9,2,-7,97.22,38.33
"BLAKE.COMEAU","MATTIAS.JANMARK","RADEK.FAKSA","2018-2019","DAL",55,160.13,133,163,-30,44.93,-2.49,7,4,3,63.64,11.68,7.16,6.8,0.36,51.29,1.75,8,7,-1,104.44,27.91
"BLAKE.COMEAU","RADEK.FAKSA","TYLER.PITLICK","2018-2019","DAL",25,165.65,133,128,5,50.96,4.1,6,8,-2,42.86,-4.02,4.83,5.06,-0.23,48.84,-0.38,11,13,2,95.56,30.34
"BLAKE.WHEELER","KYLE.CONNOR","MARK.SCHEIFELE","2018-2019","WPG",67,466.8,448,456,-8,49.56,1.4,20,26,-6,43.48,-7.22,17.93,19.79,-1.86,47.53,1.19,28,24,-4,98.42,58.81
"BLAKE.WHEELER","MARK.SCHEIFELE","NIKOLAJ.EHLERS","2018-2019","WPG",39,392.15,394,349,45,53.03,4.02,20,11,9,64.52,19.28,17.05,16.33,0.72,51.08,3.52,19,31,12,103.68,56.04
"BLAKE.WHEELER","MARK.SCHEIFELE","PATRIK.LAINE","2018-2019","WPG",53,196.38,167,205,-38,44.89,-3.12,11,11,0,50,2.94,6.27,9.24,-2.97,40.43,-6.01,19,15,-4,101.75,53.54
"BOBBY.RYAN","CHRIS.TIERNEY","MIKKEL.BOEDKER","2018-2019","OTT",30,135.48,102,169,-67,37.64,-5.66,6,7,-1,46.15,0.92,3.21,7.12,-3.91,31.07,-14.55,6,7,1,105.17,41.76
"BOBBY.RYAN","MATT.DUCHENE","RYAN.DZINGEL","2018-2019","OTT",37,189.63,197,221,-24,47.13,1.53,11,15,-4,42.31,-4.51,8.21,8.86,-0.65,48.1,0.25,12,6,-6,96.63,58.39
"BO.HORVAT","BROCK.BOESER","NIKOLAY.GOLDOBIN","2018-2019","VAN",31,88.93,81,81,0,50,2.04,1,4,-3,20,-29.57,3.12,3.4,-0.28,47.85,2.77,5,6,1,93.18,69.12
"BO.HORVAT","BROCK.BOESER","SVEN.BAERTSCHI","2018-2019","VAN",20,103.95,90,97,-7,48.13,3.18,5,6,-1,45.45,-0.26,4.5,4.06,0.44,52.57,6.31,3,3,0,97.3,69.05
"BO.HORVAT","JAKE.VIRTANEN","NIKOLAY.GOLDOBIN","2018-2019","VAN",21,58,46,67,-21,40.71,-7.45,0,4,-4,0,-43.9,1.65,3.4,-1.75,32.67,-12.27,4,2,-2,90.48,38.46
"BO.HORVAT","LOUI.ERIKSSON","TANNER.PEARSON","2018-2019","VAN",10,72.83,70,59,11,54.26,4.99,3,2,1,60,20.98,2.83,2.35,0.48,54.63,8.58,1,1,0,102.56,43.18
"BOONE.JENNER","JOSH.ANDERSON","NICK.FOLIGNO","2018-2019","CBJ",50,478.15,460,470,-10,49.46,-1.52,25,17,8,59.52,10.11,19.18,18.3,0.88,51.17,0.06,28,22,-6,102.96,41.27
"BOONE.JENNER","JOSH.ANDERSON","OLIVER.BJORKSTRAND","2018-2019","CBJ",33,52.07,39,44,-5,46.99,-4.7,2,0,2,100,48.12,1.2,1.29,-0.09,48.19,-4.48,3,6,3,110.53,46.43
"BRAD.MARCHAND","DANTON.HEINEN","PATRICE.BERGERON","2018-2019","BOS",24,197.52,206,170,36,54.79,1.97,11,4,7,73.33,23.33,8.08,6.96,1.12,53.72,4.04,13,13,0,105.91,56.25
"BRAD.MARCHAND","DAVID.KREJCI","DAVID.PASTRNAK","2018-2019","BOS",56,131.52,142,101,41,58.44,6.39,9,3,6,75,25.28,7.6,4.04,3.56,65.29,14.42,14,20,6,106.11,67.44
"BRAD.MARCHAND","DAVID.PASTRNAK","PATRICE.BERGERON","2018-2019","BOS",45,449.65,513,393,120,56.62,5.34,26,24,2,52,-3.36,21.16,15.95,5.21,57.02,6.85,39,38,-1,99.02,61.92
"BRAD.RICHARDSON","JOSH.ARCHIBALD","NICK.COUSINS","2018-2019","ARI",11,61.7,57,68,-11,45.6,-5.97,1,3,-2,25,-13.24,1.4,2.23,-0.83,38.57,-8.32,4,4,0,94.3,26.53
"BRAD.RICHARDSON","MARIO.KEMPE","VINNIE.HINOSTROZA","2018-2019","ARI",8,68.7,69,61,8,53.08,4.95,2,0,2,100,58.33,4.6,2.39,2.21,65.81,20.6,2,0,-2,106.45,42.62
"BRAD.RICHARDSON","MICHAEL.GRABNER","VINNIE.HINOSTROZA","2018-2019","ARI",34,247.43,229,243,-14,48.52,0.29,5,12,-7,29.41,-21.68,9.58,8.33,1.25,53.49,6.54,9,14,5,94.35,34.26
"BRAD.RICHARDSON","RICHARD.PANIK","VINNIE.HINOSTROZA","2018-2019","ARI",37,134.18,141,112,29,55.73,7.39,9,3,6,75,21.6,5.94,3.32,2.62,64.15,13.61,5,6,1,107.24,39.62
"BRADY.TKACHUK","CHRIS.TIERNEY","MARK.STONE","2018-2019","OTT",29,84.73,80,89,-9,47.34,1.98,7,4,3,63.64,19.01,4.46,3.5,0.96,56.03,8.22,6,4,-2,106.13,31.03
"BRADY.TKACHUK","COLIN.WHITE","MARK.STONE","2018-2019","OTT",38,343.12,367,332,35,52.5,8.37,19,12,7,61.29,18.43,18.53,12.9,5.63,58.96,11.33,27,32,5,102.9,52.77
"BRANDON.DUBINSKY","ERIC.ROBINSON","RILEY.NASH","2018-2019","CBJ",8,55.02,43,34,9,55.84,6.15,0,3,-3,0,-42.86,1.69,1.15,0.54,59.51,11.95,1,1,0,85,28.57
"BRANDON.DUBINSKY","MARKUS.HANNIKAINEN","RILEY.NASH","2018-2019","CBJ",26,133.07,105,107,-2,49.53,-0.96,0,4,-4,0,-50,4.86,4.38,0.48,52.6,4.9,9,9,0,92.73,35.37
"BRANDON.PIRRI","JONATHAN.MARCHESSAULT","WILLIAM.KARLSSON","2018-2019","VGK",10,53.53,62,38,24,62,8.76,3,4,-1,42.86,1.68,2.8,1.6,1.2,63.64,11.63,2,5,3,90.3,56.76
"BRANDON.SAAD","DAVID.KAMPF","MARCUS.KRUGER","2018-2019","CHI",14,59.77,63,43,20,59.43,10.24,3,3,0,50,-14.06,2.36,1.54,0.82,60.51,10.91,2,2,0,90.46,20.93
"BRANDON.SAAD","DOMINIK.KAHUN","JONATHAN.TOEWS","2018-2019","CHI",32,162.82,161,156,5,50.79,1.91,7,3,4,70,23.03,6.47,7.51,-1.04,46.28,1.92,9,10,1,104.05,45.38
"BRANDON.SAAD","DYLAN.SIKURA","JONATHAN.TOEWS","2018-2019","CHI",17,71.87,92,63,29,59.35,10.84,4,3,1,57.14,-2.28,4.55,4.12,0.43,52.48,7.67,5,1,-4,99.72,53.85
"BRANDON.SAAD","JONATHAN.TOEWS","PATRICK.KANE","2018-2019","CHI",58,117.35,126,109,17,53.62,4.7,7,7,0,50,-1.84,5.96,5.84,0.12,50.51,5.56,4,7,3,100.75,69.23
"BRANDON.SAAD","NICK.SCHMALTZ","PATRICK.KANE","2018-2019","CHI",4,52.53,50,56,-6,47.17,-3.85,1,2,-1,33.33,-21.67,1.51,3.32,-1.81,31.26,-13.22,3,2,-1,97.72,76.19
"BRAYDEN.POINT","NIKITA.KUCHEROV","TYLER.JOHNSON","2018-2019","T.B",52,555.05,605,521,84,53.73,2.31,35,24,11,59.32,3.58,27.42,24.25,3.17,53.07,-0.26,30,35,5,101.96,64.53
"BRAYDEN.POINT","NIKITA.KUCHEROV","YANNI.GOURDE","2018-2019","T.B",33,78.25,75,64,11,53.96,2.15,6,4,2,60,-1.54,3.41,2.45,0.96,58.19,4.19,7,5,-2,102.53,51.06
"BRAYDEN.POINT","STEVEN.STAMKOS","YANNI.GOURDE","2018-2019","T.B",11,63.17,58,42,16,58,7.27,2,1,1,66.67,3.4,2.7,1.45,1.25,65.06,12.16,4,8,4,102.32,47.62
"BRAYDEN.POINT","TYLER.JOHNSON","YANNI.GOURDE","2018-2019","T.B",41,148.98,144,138,6,51.06,-2.25,10,7,3,58.82,6.16,6.11,4.86,1.25,55.7,0.76,4,11,7,102.81,38.53
"BRAYDEN.SCHENN","DAVID.PERRON","JADEN.SCHWARTZ","2018-2019","STL",31,58.77,37,62,-25,37.37,-14.08,3,3,0,50,-6.8,1.91,2.96,-1.05,39.22,-17.22,4,4,0,102.71,51.22
"BRAYDEN.SCHENN","JADEN.SCHWARTZ","VLADIMIR.TARASENKO","2018-2019","STL",38,239.72,262,201,61,56.59,6.25,6,8,-2,42.86,-14.92,13,7.7,5.3,62.8,8.5,9,14,5,95.46,72.67
"BRAYDEN.SCHENN","RYAN.O'REILLY","VLADIMIR.TARASENKO","2018-2019","STL",30,250.93,284,260,24,52.21,1.89,18,6,12,75,15.86,14.43,11.38,3.05,55.91,-0.49,7,8,1,105.94,47.32
"BRENDAN.GALLAGHER","JONATHAN.DROUIN","PHILLIP.DANAULT","2018-2019","MTL",60,199,233,191,42,54.95,0.8,12,13,-1,48,-7.22,8.65,9.85,-1.2,46.76,-7.93,12,8,-4,97.74,45.38
"BRENDAN.GALLAGHER","PHILLIP.DANAULT","TOMAS.TATAR","2018-2019","MTL",73,621.57,810,511,299,61.32,8.65,39,18,21,68.42,17.2,34.26,20.99,13.27,62.01,9.8,38,37,-1,102.7,50.85
"BRENDAN.LEIPSIC","ILYA.KOVALCHUK","JEFF.CARTER","2018-2019","L.A",18,66.95,59,73,-14,44.7,-0.75,2,3,-1,40,-0.68,1.71,3.05,-1.34,35.92,-9.59,4,6,2,99.25,58.33
"BRENDAN.LEIPSIC","JEFF.CARTER","MATT.LUFF","2018-2019","L.A",7,51.98,53,44,9,54.64,5.98,2,3,-1,40,-8,2.46,1.68,0.78,59.42,13.68,2,5,3,96.05,70.27
"BRENDAN.LEIPSIC","JEFF.CARTER","TYLER.TOFFOLI","2018-2019","L.A",24,55.23,37,58,-21,38.95,-8.27,1,2,-1,33.33,-13.86,1.28,1.69,-0.41,43.1,-2.24,2,3,1,97.86,57.14
"BRETT.CONNOLLY","CARL.HAGELIN","LARS.ELLER","2018-2019","WSH",12,90.62,101,61,40,62.35,7.58,8,3,5,72.73,17.97,5.48,2.97,2.51,64.85,16.62,6,7,1,104.33,68.42
"BRETT.CONNOLLY","EVGENY.KUZNETSOV","JAKUB.VRANA","2018-2019","WSH",27,74.13,77,79,-2,49.36,1.44,7,2,5,77.78,24.89,3.59,3.88,-0.29,48.06,3.55,5,6,1,110.02,57.78
"BRETT.CONNOLLY","JAKUB.VRANA","LARS.ELLER","2018-2019","WSH",55,119.62,106,108,-2,49.53,0.44,5,2,3,71.43,18.46,3.72,4.22,-0.5,46.85,0.51,4,6,2,107.42,51.56
"BRETT.HOWDEN","JESPER.FAST","JIMMY.VESEY","2018-2019","NYR",25,73.7,65,67,-2,49.24,4.99,4,4,0,50,-0.67,3.08,3.11,-0.03,49.76,3.66,1,8,7,102.38,57.45
"BRETT.HOWDEN","JIMMY.VESEY","PAVEL.BUCHNEVICH","2018-2019","NYR",23,57.55,45,70,-25,39.13,-5.74,2,1,1,66.67,22.34,2.04,2.22,-0.18,47.89,2.23,5,8,3,105.3,50
"BRETT.HOWDEN","JIMMY.VESEY","RYAN.STROME","2018-2019","NYR",19,65.97,50,91,-41,35.46,-11.37,3,5,-2,37.5,-15.53,2.19,4.75,-2.56,31.56,-14.73,2,1,-1,102.28,45.71
"BRETT.HOWDEN","JIMMY.VESEY","VLADISLAV.NAMESTNIKOV","2018-2019","NYR",22,89.53,75,90,-15,45.45,0.83,3,4,-1,42.86,-0.32,3.4,5.06,-1.66,40.19,-5.78,7,6,-1,98.41,47.06
"BRETT.SENEY","BRIAN.BOYLE","DREW.STAFFORD","2018-2019","N.J",14,81.48,58,80,-22,42.03,-5.56,4,4,0,50,7.14,2.63,2.94,-0.31,47.22,-0.8,9,5,-4,104.9,40.74
"BRETT.SENEY","DREW.STAFFORD","PAVEL.ZACHA","2018-2019","N.J",12,51.4,33,46,-13,41.77,-3.48,0,3,-3,0,-44.19,0.98,1.82,-0.84,35,-10.07,2,3,1,88.46,50
"BRIAN.GIBBONS","CARTER.ROWNEY","KIEFER.SHERWOOD","2018-2019","ANA",15,81.55,57,79,-22,41.91,-8.21,3,5,-2,37.5,-4.17,2.78,4.38,-1.6,38.83,-7.17,6,2,-4,98.31,53.06
"BROCK.BOESER","ELIAS.PETTERSSON","JOSH.LEIVO","2018-2019","VAN",38,267.6,277,218,59,55.96,8.03,15,12,3,55.56,10.76,10.71,10.79,-0.08,49.81,4.01,17,19,2,101.45,90.55
"BROCK.BOESER","ELIAS.PETTERSSON","NIKOLAY.GOLDOBIN","2018-2019","VAN",36,156.03,139,146,-7,48.77,1.24,10,4,6,71.43,25.22,4.58,5.21,-0.63,46.78,1.53,6,7,1,108.37,82.43
"BROCK.MCGINN","GREG.MCKEGG","WARREN.FOEGELE","2018-2019","CAR",18,57.7,53,56,-3,48.62,-8.84,0,3,-3,0,-58.9,2.97,3.43,-0.46,46.41,-15.18,3,2,-1,90.91,63.33
"BROCK.MCGINN","JORDAN.MARTINOOK","LUCAS.WALLMARK","2018-2019","CAR",40,75.62,77,75,2,50.66,-5.61,3,4,-1,42.86,-9.2,3.11,2.77,0.34,52.89,-3.8,8,5,-3,97.94,48.28
"BROCK.MCGINN","JORDAN.STAAL","JUSTIN.WILLIAMS","2018-2019","CAR",16,82.78,97,82,15,54.19,-3.75,3,3,0,50,3.85,4.5,3.35,1.15,57.32,-0.64,5,4,-1,98.06,48.44
"BROCK.MCGINN","SEBASTIAN.AHO","TEUVO.TERAVAINEN","2018-2019","CAR",33,90.67,83,86,-3,49.11,-5.57,4,2,2,66.67,17.58,2.15,3.56,-1.41,37.65,-19.79,5,6,1,105.1,47.17
"BRYAN.LITTLE","JACK.ROSLOVIC","PATRIK.LAINE","2018-2019","WPG",21,179.37,154,191,-37,44.64,-3.07,6,6,0,50,-0.68,5.42,7.31,-1.89,42.58,-2.92,15,8,-7,101.64,65.18
"BRYAN.LITTLE","KYLE.CONNOR","MATHIEU.PERREAULT","2018-2019","WPG",11,65.52,74,64,10,53.62,5.05,2,2,0,50,3.85,2.28,2.06,0.22,52.53,3.6,4,3,-1,99.67,55.81
"BRYAN.LITTLE","KYLE.CONNOR","PATRIK.LAINE","2018-2019","WPG",40,238.98,211,270,-59,43.87,-7.57,14,15,-1,48.28,-4.44,9.15,13.79,-4.64,39.89,-11.87,7,9,2,102.02,56.29
"BRYAN.LITTLE","NIKOLAJ.EHLERS","PATRIK.LAINE","2018-2019","WPG",28,111.35,85,106,-21,44.5,-7.96,3,6,-3,33.33,-19.73,2.93,4.19,-1.26,41.15,-10.29,5,7,2,95.77,58.54
"BRYAN.RUST","JAKE.GUENTZEL","SIDNEY.CROSBY","2018-2019","PIT",53,455.85,490,454,36,51.91,4.91,26,12,14,68.42,17.02,21.35,19.06,2.29,52.83,4.77,19,24,5,104.39,60.31
"CAL.CLUTTERBUCK","CASEY.CIZIKAS","MATT.MARTIN","2018-2019","NYI",53,454.53,355,409,-54,46.47,-0.56,17,12,5,58.62,0.17,17.93,13.85,4.08,56.42,6.58,35,24,-11,103.03,33.55
"CALLE.JARNKROK","COLTON.SISSONS","CRAIG.SMITH","2018-2019","NSH",19,50.58,56,35,21,61.54,12.37,5,1,4,83.33,37.57,2.62,1.08,1.54,70.81,24.35,4,3,-1,107.46,30.95
"CALLE.JARNKROK","CRAIG.SMITH","KEVIN.FIALA","2018-2019","NSH",13,67.03,64,58,6,52.46,1.67,3,3,0,50,-4.55,2.17,1.7,0.47,56.07,5.24,1,5,4,98.57,67.44
"CALLE.JARNKROK","CRAIG.SMITH","KYLE.TURRIS","2018-2019","NSH",21,104.75,112,77,35,59.26,7.19,4,0,4,100,45.16,3.87,2.5,1.37,60.75,8.77,10,4,-6,106.56,73.49
"CALLE.JARNKROK","NICK.BONINO","RYAN.HARTMAN","2018-2019","NSH",23,80.37,58,65,-7,47.15,-5.91,5,1,4,83.33,26.86,2.37,2.99,-0.62,44.22,-7.96,1,3,2,111.79,31.75
"CARL.HAGELIN","EVGENI.MALKIN","PHIL.KESSEL","2018-2019","PIT",15,144.62,163,144,19,53.09,6.63,11,7,4,61.11,11.11,7.15,7.15,0,50,4.39,13,8,-5,104.23,60.58
"CARL.SODERBERG","COLIN.WILSON","J.T..COMPHER","2018-2019","COL",21,79.23,78,64,14,54.93,3.71,4,2,2,66.67,24.48,2.26,2.44,-0.18,48.09,-1.84,2,1,-1,102.84,37.5
"CARL.SODERBERG","MATT.CALVERT","MATT.NIETO","2018-2019","COL",54,319.15,350,279,71,55.64,6.47,10,15,-5,40,-12.22,15.04,11.07,3.97,57.6,8.95,33,16,-17,95.94,38.65
"CARL.SODERBERG","MATT.CALVERT","SHELDON.DRIES","2018-2019","COL",14,70.53,61,61,0,50,-0.36,3,3,0,50,-4.39,1.97,2.08,-0.11,48.64,-1.57,4,3,-1,97.39,31.82
"CARTER.ROWNEY","DEREK.GRANT","MAX.JONES","2018-2019","ANA",14,90.37,80,72,8,52.63,6.12,1,3,-2,25,-31,3.92,2.92,1,57.31,11.17,8,7,-1,95.24,51.06
"CARTER.ROWNEY","NICK.RITCHIE","RYAN.KESLER","2018-2019","ANA",6,52.48,51,48,3,51.52,-1.34,2,0,2,100,57.14,2.33,1.78,0.55,56.69,3.5,2,2,0,107.41,61.54
"CASEY.MITTELSTADT","CONOR.SHEARY","EVAN.RODRIGUES","2018-2019","BUF",17,60.53,78,51,27,60.47,11.56,4,3,1,57.14,20.94,4.4,2.11,2.29,67.59,23.16,2,5,3,100.08,75
"CASEY.MITTELSTADT","CONOR.SHEARY","KYLE.OKPOSO","2018-2019","BUF",43,161.28,132,152,-20,46.48,-3.12,7,8,-1,46.67,2.16,5.04,6.02,-0.98,45.57,-2.36,6,9,3,98.04,83.67
"CASEY.MITTELSTADT","CONOR.SHEARY","SAM.REINHART","2018-2019","BUF",36,94.23,100,97,3,50.76,1.41,5,3,2,62.5,17.18,3.41,3.45,-0.04,49.71,2.29,5,8,3,103.9,87.5
"CASEY.MITTELSTADT","KYLE.OKPOSO","TAGE.THOMPSON","2018-2019","BUF",21,55.03,38,76,-38,33.33,-16.72,2,2,0,50,6.47,1.23,3.72,-2.49,24.85,-21.91,1,2,1,104.21,81.25
"CEDRIC.PAQUETTE","J.T..MILLER","RYAN.CALLAHAN","2018-2019","T.B",20,73.35,61,69,-8,46.92,-5.05,4,6,-2,40,-13.42,2.08,2.23,-0.15,48.26,-4.18,9,8,-1,89.57,40.91
"CEDRIC.PAQUETTE","MATHIEU.JOSEPH","RYAN.CALLAHAN","2018-2019","T.B",19,79.15,69,56,13,55.2,1.36,4,4,0,50,-4.35,3.87,1.79,2.08,68.37,10.88,6,9,3,97.5,44.12
"CHANDLER.STEPHENSON","DEVANTE.SMITH-PELLY","LARS.ELLER","2018-2019","WSH",23,51.48,59,43,16,57.84,10.55,0,1,-1,0,-60,1.97,1.29,0.68,60.43,12.42,2,7,5,94.74,46.67
"CHANDLER.STEPHENSON","DEVANTE.SMITH-PELLY","NIC.DOWD","2018-2019","WSH",20,69.62,49,68,-19,41.88,-4.93,0,1,-1,0,-53.93,1.81,2.03,-0.22,47.14,2.86,5,4,-1,96.77,46.67
"CHANDLER.STEPHENSON","DEVANTE.SMITH-PELLY","TRAVIS.BOYD","2018-2019","WSH",14,63.75,43,73,-30,37.07,-11.53,3,2,1,60,8.33,1.58,3.25,-1.67,32.71,-17.56,4,3,-1,107.09,43.9
"CHANDLER.STEPHENSON","DMITRIJ.JASKIN","NIC.DOWD","2018-2019","WSH",13,71,61,53,8,53.51,8.2,3,3,0,50,1.72,2.65,2.33,0.32,53.21,9.3,2,2,0,97.84,42.42
"CHANDLER.STEPHENSON","NIC.DOWD","TRAVIS.BOYD","2018-2019","WSH",10,53.38,55,41,14,57.29,7.47,1,1,0,50,-18.75,1.95,1.83,0.12,51.59,3.5,2,0,-2,100,58.62
"CHANDLER.STEPHENSON","NICKLAS.BACKSTROM","T.J..OSHIE","2018-2019","WSH",21,74.83,73,76,-3,48.99,3.54,1,1,0,50,1.65,2.96,3.1,-0.14,48.84,6.93,4,6,2,99.85,50.88
"CHARLES.HUDON","MATTHEW.PECA","NICOLAS.DESLAURIERS","2018-2019","MTL",12,64.62,55,68,-13,44.72,-8.64,2,4,-2,33.33,-21.77,2.02,2.14,-0.12,48.56,-3.98,5,2,-3,94.6,62.86
"CHARLIE.COYLE","ERIC.STAAL","JORDAN.GREENWAY","2018-2019","MIN",14,61.65,43,60,-17,41.75,-10.23,5,0,5,100,60,2.22,1.65,0.57,57.36,6.83,4,7,3,117.86,47.22
"CHARLIE.COYLE","JOEL.ERIKSSON EK","JORDAN.GREENWAY","2018-2019","MIN",19,87.02,75,100,-25,42.86,-9.18,5,3,2,62.5,14.61,3.25,3.41,-0.16,48.8,-8.51,5,9,4,108.04,53.06
"CHARLIE.COYLE","LUKE.KUNIN","ZACH.PARISE","2018-2019","MIN",17,119.18,124,112,12,52.54,0.58,9,9,0,50,6.82,5.17,4.33,0.84,54.42,0.36,3,6,3,97.33,63.77
"CHARLIE.COYLE","MIKAEL.GRANLUND","ZACH.PARISE","2018-2019","MIN",25,78.88,88,77,11,53.33,0.48,1,6,-5,14.29,-34.58,3.99,3.24,0.75,55.19,-0.72,4,4,0,85.18,60
"CHARLIE.COYLE","MIKKO.KOIVU","ZACH.PARISE","2018-2019","MIN",28,89.03,91,75,16,54.82,3.47,4,2,2,66.67,20.75,3.66,2.45,1.21,59.9,6.44,3,6,3,102.98,51.79
"CHARLIE.COYLE","NINO.NIEDERREITER","ZACH.PARISE","2018-2019","MIN",15,60.02,52,52,0,50,-1.12,5,2,3,71.43,32.21,2.45,1.63,0.82,60.05,5.53,2,3,1,107.15,50
"CHRIS.KREIDER","FILIP.CHYTIL","KEVIN.HAYES","2018-2019","NYR",13,83.92,76,64,12,54.29,10.82,5,3,2,62.5,16.55,4.25,2.73,1.52,60.89,20.76,1,8,7,102.08,45.28
"CHRIS.KREIDER","JESPER.FAST","MIKA.ZIBANEJAD","2018-2019","NYR",41,130.98,134,122,12,52.34,6.34,7,6,1,53.85,7.98,6.76,6.23,0.53,52.04,6.04,10,5,-5,97.73,50.55
"CHRIS.KREIDER","JIMMY.VESEY","MIKA.ZIBANEJAD","2018-2019","NYR",22,76.97,57,86,-29,39.86,-4.89,5,7,-2,41.67,-8.33,2.45,4.36,-1.91,35.98,-10.37,5,3,-2,103.62,40.74
"CHRIS.KREIDER","KEVIN.HAYES","PAVEL.BUCHNEVICH","2018-2019","NYR",18,55.47,64,45,19,58.72,15.13,5,1,4,83.33,43.06,2.89,1.49,1.4,65.98,19.74,6,1,-5,111.9,60.87
"CHRIS.KREIDER","MATS.ZUCCARELLO","MIKA.ZIBANEJAD","2018-2019","NYR",41,243.65,242,202,40,54.5,9.21,21,10,11,67.74,27.74,13.13,7.83,5.3,62.64,17.46,18,14,-4,106.77,55.56
"CHRIS.KREIDER","MIKA.ZIBANEJAD","PAVEL.BUCHNEVICH","2018-2019","NYR",39,86.15,80,84,-4,48.78,2.12,3,2,1,60,14.04,2.74,2.8,-0.06,49.46,1.86,4,5,1,101.94,50
"CHRIS.KUNITZ","DAVID.KAMPF","MARCUS.KRUGER","2018-2019","CHI",18,83.35,60,65,-5,48,-3.87,2,3,-1,40,-21.64,3.31,2.65,0.66,55.54,6.75,4,1,-3,95.79,22.58
"CHRIS.KUNITZ","JOHN.HAYDEN","MARCUS.KRUGER","2018-2019","CHI",16,66.53,50,45,5,52.63,2.7,3,2,1,60,12.31,3.01,1.72,1.29,63.64,19.72,7,2,-5,102.34,30.3
"CHRISTIAN.DVORAK","CLAYTON.KELLER","RICHARD.PANIK","2018-2019","ARI",11,94.2,90,92,-2,49.45,5.17,5,2,3,71.43,32.97,5.04,3.24,1.8,60.87,15.47,3,2,-1,106.82,66.2
"CHRISTIAN.FISCHER","CONOR.GARLAND","JORDAN.WEAL","2018-2019","ARI",10,54.67,53,42,11,55.79,9.21,1,2,-1,33.33,-12.38,2,1.54,0.46,56.5,4.02,0,3,3,95.93,56.41
"CHRISTIAN.FISCHER","DEREK.STEPAN","RICHARD.PANIK","2018-2019","ARI",32,89.08,85,88,-3,49.13,0.71,3,4,-1,42.86,-3.09,3.08,3.31,-0.23,48.2,1.23,5,9,4,98.39,56.86
"CHRIS.TIERNEY","MAGNUS.PAAJARVI","RUDOLFS.BALCERS","2018-2019","OTT",19,56.4,42,63,-21,40,-5.38,2,2,0,50,-2.13,1.98,2.97,-0.99,40,-9.97,2,2,0,103.1,48.65
"CHRISTOFFER.EHN","DARREN.HELM","LUKE.GLENDENING","2018-2019","DET",28,58.18,43,49,-6,46.74,-0.97,2,0,2,100,57.14,1.95,1.38,0.57,58.56,13.29,0,2,2,109.09,25.58
"CHRISTOFFER.EHN","JACOB.DE LA ROSE","JUSTIN.ABDELKADER","2018-2019","DET",23,57.87,46,38,8,54.76,5.75,0,1,-1,0,-53.33,1.41,1.86,-0.45,43.12,-3.6,3,2,-1,94.74,50
"CHRISTOFFER.EHN","JACOB.DE LA ROSE","MICHAEL.RASMUSSEN","2018-2019","DET",17,70.6,57,68,-11,45.6,1.22,2,2,0,50,10,3.13,2.35,0.78,57.12,14.56,5,5,0,101.05,30.77
"CHRIS.WAGNER","DAVID.BACKES","SEAN.KURALY","2018-2019","BOS",12,100.55,109,75,34,59.24,7.33,2,1,1,66.67,15.05,4.75,2.75,2,63.33,13.2,5,8,3,100.7,49.32
"CHRIS.WAGNER","JOAKIM.NORDSTROM","NOEL.ACCIARI","2018-2019","BOS",25,53.4,40,64,-24,38.46,-17.97,2,3,-1,40,-18.02,1.51,2.99,-1.48,33.56,-20.56,6,1,-5,98.33,26.09
"CHRIS.WAGNER","NOEL.ACCIARI","SEAN.KURALY","2018-2019","BOS",52,401.92,368,338,30,52.12,-1.33,8,14,-6,36.36,-19.41,14.85,14.93,-0.08,49.87,-4.15,32,27,-5,95.49,32.19
"CLARK.BISHOP","PHILLIP.DI GIUSEPPE","WARREN.FOEGELE","2018-2019","CAR",10,53.93,51,47,4,52.04,-1.46,1,3,-2,25,-12.93,2.16,1.86,0.3,53.73,-3.48,4,6,2,93.82,64.29
"CLAUDE.GIROUX","JAKUB.VORACEK","SEAN.COUTURIER","2018-2019","PHI",61,156.1,182,165,17,52.45,3.66,13,13,0,50,6.52,7.54,9.93,-2.39,43.16,-6.11,5,10,5,98.84,61.49
"CLAUDE.GIROUX","JAMES.VAN RIEMSDYK","NOLAN.PATRICK","2018-2019","PHI",13,55.85,57,58,-1,49.57,7.27,2,0,2,100,55.56,2.12,1.98,0.14,51.71,9.87,1,1,0,108.33,55.56
"CLAUDE.GIROUX","JAMES.VAN RIEMSDYK","TRAVIS.KONECNY","2018-2019","PHI",33,265.97,247,311,-64,44.27,-3.57,10,13,-3,43.48,-10.03,8.38,14.23,-5.85,37.06,-13.73,22,17,-5,101.25,54.8
"CLAUDE.GIROUX","OSKAR.LINDBLOM","SEAN.COUTURIER","2018-2019","PHI",24,70.98,90,63,27,58.82,13.89,5,3,2,62.5,17.34,4.55,2.16,2.39,67.81,24.5,1,0,-1,101.51,54
"CLAUDE.GIROUX","SEAN.COUTURIER","TRAVIS.KONECNY","2018-2019","PHI",48,296.12,368,234,134,61.13,14.1,18,12,6,60,19.17,12.51,11.17,1.34,52.83,3.5,17,18,1,99.77,50.23
"CLAYTON.KELLER","DEREK.STEPAN","RICHARD.PANIK","2018-2019","ARI",29,123.17,121,118,3,50.63,1.73,3,5,-2,37.5,-3.16,4.1,4.85,-0.75,45.81,-1.67,8,16,8,96.49,64.65
"CODY.EAKIN","OSCAR.LINDBERG","RYAN.CARPENTER","2018-2019","VGK",14,98.55,109,76,33,58.92,1.45,3,3,0,50,-6.25,3.4,3.43,-0.03,49.78,-8.33,8,10,2,97.44,66.23
"CODY.EAKIN","RYAN.CARPENTER","TOMAS.NOSEK","2018-2019","VGK",21,115.4,105,107,-2,49.53,-3.44,5,7,-2,41.67,-15.87,4.41,3.62,0.79,54.92,-1.41,7,4,-3,96.34,53.41
"COLBY.CAVE","DAVID.BACKES","JOAKIM.NORDSTROM","2018-2019","BOS",10,59.88,42,60,-18,41.18,-13.6,3,2,1,60,8.48,0.95,1.97,-1.02,32.53,-24.47,2,0,-2,106.44,27.66
"COLTON.SCEVIOUR","JUHO.LAMMIKKO","TROY.BROUWER","2018-2019","FLA",20,65.18,67,60,7,52.76,3.99,2,0,2,100,60,2.6,1.47,1.13,63.88,19.2,4,2,-2,105.41,54.76
"CONNOR.BROWN","FREDERIK.GAUTHIER","PAR.LINDHOLM","2018-2019","TOR",33,65,42,59,-17,41.58,-10.14,0,2,-2,0,-53.24,1.04,1.85,-0.81,35.99,-14.13,1,3,2,93.94,10.34
"CONNOR.BROWN","NAZEM.KADRI","PAR.LINDHOLM","2018-2019","TOR",22,81.82,91,76,15,54.49,3.77,2,0,2,100,44.44,3.13,2.91,0.22,51.82,-0.23,5,6,1,105.26,39.22
"CONNOR.BROWN","NAZEM.KADRI","PATRICK.MARLEAU","2018-2019","TOR",36,69.1,65,76,-11,46.1,-5.78,5,3,2,62.5,11.58,2.2,3.06,-0.86,41.83,-10.16,4,3,-1,106.99,49.09
"CONNOR.BROWN","NAZEM.KADRI","WILLIAM.NYLANDER","2018-2019","TOR",21,117.8,146,103,43,58.63,6.8,5,1,4,83.33,39.12,4.38,4.15,0.23,51.35,0.08,7,3,-4,107.59,66.29
"CONNOR.BROWN","PATRICK.MARLEAU","WILLIAM.NYLANDER","2018-2019","TOR",10,76.35,73,84,-11,46.5,-4.44,1,1,0,50,-13.16,2.68,3.71,-1.03,41.94,-7.37,3,4,1,100.39,55.93
"CONNOR.MCDAVID","DRAKE.CAGGIULA","LEON.DRAISAITL","2018-2019","EDM",14,76.8,84,60,24,58.33,12,6,4,2,60,14.35,3.99,2.61,1.38,60.45,15.91,6,2,-4,102.5,59.02
"CONNOR.MCDAVID","KAILER.YAMAMOTO","RYAN.NUGENT-HOPKINS","2018-2019","EDM",14,72.23,81,80,1,50.31,1.63,1,3,-2,25,-18.48,4.19,2.88,1.31,59.26,11.75,1,6,5,93.36,59.38
"CONNOR.MCDAVID","LEON.DRAISAITL","TY.RATTIE","2018-2019","EDM",27,67.25,61,76,-15,44.53,-2.85,4,5,-1,44.44,0,2.74,3.85,-1.11,41.58,-4.78,3,5,2,101.22,54.55
"CONNOR.MCDAVID","LEON.DRAISAITL","ZACK.KASSIAN","2018-2019","EDM",44,240.73,226,198,28,53.3,6.81,21,13,8,61.76,15.31,11.18,11.72,-0.54,48.82,3.72,12,16,4,105.59,60
"CONNOR.MCDAVID","RYAN.NUGENT-HOPKINS","TY.RATTIE","2018-2019","EDM",14,92.68,81,83,-2,49.39,0.16,4,2,2,66.67,25.36,3.98,3.52,0.46,53.07,4.78,3,6,3,104.43,55.38
"CONNOR.MCDAVID","RYAN.NUGENT-HOPKINS","ZACK.KASSIAN","2018-2019","EDM",27,69.57,59,91,-32,39.33,-9.1,3,4,-1,42.86,-0.44,2.22,5.36,-3.14,29.29,-17.61,4,2,-2,99.73,65.12
"CONOR.SHEARY","EVAN.RODRIGUES","KYLE.OKPOSO","2018-2019","BUF",23,60.55,49,56,-7,46.67,-5.52,3,2,1,60,16.82,1.54,2.93,-1.39,34.45,-17.09,2,3,1,108.4,45
"CONOR.SHEARY","EVAN.RODRIGUES","SAM.REINHART","2018-2019","BUF",27,69.85,71,52,19,57.72,6.65,3,3,0,50,8.88,3.47,2.13,1.34,61.96,11.44,1,6,5,99.36,67.44
"CONOR.SHEARY","JACK.EICHEL","SAM.REINHART","2018-2019","BUF",44,85.67,90,88,2,50.56,1.79,3,5,-2,37.5,-3.24,3.61,2.62,0.99,57.95,12.7,2,5,3,95.65,70.27
"CONOR.SHEARY","SAM.REINHART","VLADIMIR.SOBOTKA","2018-2019","BUF",22,53.72,54,54,0,50,-0.03,1,0,1,100,53.16,2.14,1.86,0.28,53.5,5.94,3,5,2,103.57,69.7
"COREY.PERRY","RICKARD.RAKELL","RYAN.GETZLAF","2018-2019","ANA",11,117.05,110,105,5,51.16,2.97,2,6,-4,25,-15.62,4.22,4.58,-0.36,47.95,0.02,6,7,1,90.95,52.24
"CRAIG.SMITH","KEVIN.FIALA","KYLE.TURRIS","2018-2019","NSH",26,126.55,121,111,10,52.16,-0.25,3,10,-7,23.08,-38.65,4.14,5.64,-1.5,42.33,-9.98,7,5,-2,89.06,81.11
"CRAIG.SMITH","KEVIN.FIALA","NICK.BONINO","2018-2019","NSH",26,73.12,80,70,10,53.33,1.95,5,2,3,71.43,14.55,3.41,2.39,1.02,58.79,7.49,3,5,2,104.85,50.82
"DALE.WEISE","JORDAN.WEAL","WAYNE.SIMMONDS","2018-2019","PHI",11,79.93,77,68,9,53.1,1.12,3,2,1,60,1.67,3.96,1.89,2.07,67.69,12.6,7,7,0,103.24,46.34
"DALE.WEISE","MICHAEL.RAFFL","SCOTT.LAUGHTON","2018-2019","PHI",18,62.2,49,54,-5,47.57,-1.98,2,1,1,66.67,21.1,2.24,2.16,0.08,50.91,2.46,2,0,-2,103.96,37.04
"DALE.WEISE","OSKAR.LINDBLOM","PHIL.VARONE","2018-2019","PHI",10,53.2,44,43,1,50.57,1.77,1,1,0,50,2.78,2.02,1.59,0.43,55.96,4.51,1,1,0,99.4,66.67
"DANTON.HEINEN","DAVID.KREJCI","JAKE.DEBRUSK","2018-2019","BOS",34,145.68,145,123,22,54.1,1.97,5,2,3,71.43,23.65,5.86,4.44,1.42,56.89,8.57,4,3,-1,103.68,64
"DANTON.HEINEN","JAKOB.FORSBACKA KARLSSON","RYAN.DONATO","2018-2019","BOS",15,119.72,129,107,22,54.66,0.43,4,3,1,57.14,2.8,4.92,4.57,0.35,51.84,-5.01,4,10,6,100.06,81.94
"DARREN.HELM","JUSTIN.ABDELKADER","LUKE.GLENDENING","2018-2019","DET",35,77.83,53,83,-30,38.97,-9.84,2,3,-1,40,-4.27,1.54,3.39,-1.85,31.24,-15.94,14,3,-11,100.87,31.48
"DAVID.BACKES","DAVID.KREJCI","JAKE.DEBRUSK","2018-2019","BOS",24,52,44,48,-4,47.83,-5.93,1,0,1,100,40.24,1.53,1.41,0.12,52.04,-0.15,2,0,-2,104.17,62.16
"DAVID.BACKES","JOAKIM.NORDSTROM","NOEL.ACCIARI","2018-2019","BOS",22,88.27,73,60,13,54.89,0.19,4,2,2,66.67,11.54,2.67,1.52,1.15,63.72,10.4,8,6,-2,103.67,39.47
"DAVID.KREJCI","JAKE.DEBRUSK","JOAKIM.NORDSTROM","2018-2019","BOS",23,111.67,116,85,31,57.71,3.9,6,6,0,50,-4.84,3.78,3.81,-0.03,49.8,-4.86,8,11,3,97.84,62.2
"DAVID.KREJCI","JAKE.DEBRUSK","KARSON.KUHLMAN","2018-2019","BOS",7,56.75,53,47,6,53,5.47,5,3,2,62.5,10.78,2.15,2.21,-0.06,49.31,-0.53,4,2,-2,103.57,55.81
"DAVID.KREJCI","JAKE.DEBRUSK","PETER.CEHLARIK","2018-2019","BOS",14,104.77,125,82,43,60.39,6.2,5,2,3,71.43,16.17,4.66,3.3,1.36,58.54,4.34,4,5,1,103.54,77.63
"DAVID.PERRON","JADEN.SCHWARTZ","OSKAR.SUNDQVIST","2018-2019","STL",8,73.9,73,65,8,52.9,4.23,5,4,1,55.56,-12.3,3.16,3.28,-0.12,49.07,-1.74,4,4,0,102.46,43.64
"DAVID.PERRON","RYAN.O'REILLY","ZACH.SANFORD","2018-2019","STL",20,127.88,101,94,7,51.79,2.13,7,4,3,63.64,13.64,5.31,2.88,2.43,64.84,12.84,6,10,4,103.29,55.95
"DENIS.MALGIN","FRANK.VATRANO","JARED.MCCANN","2018-2019","FLA",19,61.02,53,48,5,52.48,2.48,2,3,-1,40,-5,1.42,2.07,-0.65,40.69,-5.6,7,8,1,96.98,61.29
"DENIS.MALGIN","JARED.MCCANN","TROY.BROUWER","2018-2019","FLA",11,64.67,58,73,-15,44.27,-6.99,4,6,-2,40,-7.62,2.23,3.19,-0.96,41.14,-9.13,7,4,-3,98.93,61.36
"DEREK.GRANT","DEVIN.SHORE","JAKOB.SILFVERBERG","2018-2019","ANA",12,68.82,74,73,1,50.34,1.02,2,4,-2,33.33,-16.67,2.62,2.39,0.23,52.3,1.38,4,2,-2,93.43,53.06
"DEREK.GRANT","MAX.JONES","TROY.TERRY","2018-2019","ANA",12,66.78,53,66,-13,44.54,-1.79,2,2,0,50,11.54,2.28,3.55,-1.27,39.11,-5.32,1,1,0,103.43,43.24
"DEREK.STEPAN","JOSH.ARCHIBALD","LAWSON.CROUSE","2018-2019","ARI",34,117.43,123,135,-12,47.67,-1.52,6,2,4,75,25,4.35,4.68,-0.33,48.17,-3.47,1,5,4,105,44.09
"DEREK.STEPAN","RICHARD.PANIK","VINNIE.HINOSTROZA","2018-2019","ARI",33,196.32,210,177,33,54.26,6.27,6,12,-6,33.33,-10.88,10.43,8.98,1.45,53.74,4.43,10,7,-3,93.34,42.47
"DERICK.BRASSARD","JAKE.GUENTZEL","SIDNEY.CROSBY","2018-2019","PIT",13,69.53,76,68,8,52.78,4.65,3,1,2,75,13.46,3.23,2.77,0.46,53.83,5.77,1,2,1,104.86,63.83
"DERICK.BRASSARD","PHIL.KESSEL","TANNER.PEARSON","2018-2019","PIT",20,84.37,60,113,-53,34.68,-15.98,2,2,0,50,-8.11,2.75,4.03,-1.28,40.56,-10.8,5,2,-3,101.43,34.48
"DEVIN.SHORE","JAKOB.SILFVERBERG","RICKARD.RAKELL","2018-2019","ANA",15,113.33,104,106,-2,49.52,2.02,5,4,1,55.56,9.56,3.82,4,-0.18,48.85,2.5,4,1,-3,102,45
"DEVIN.SHORE","RADEK.FAKSA","TYLER.PITLICK","2018-2019","DAL",26,58.25,51,67,-16,43.22,-3.62,1,1,0,50,-1.46,2.42,3.34,-0.92,42.01,-8.26,1,2,1,102.05,22.5
"DILLON.DUBE","GARNET.HATHAWAY","MARK.JANKOWSKI","2018-2019","CGY",15,65.9,44,68,-24,39.29,-13.22,6,1,5,85.71,29.11,2.54,3.06,-0.52,45.36,-3.82,3,7,4,123.15,55.88
"DMITRIJ.JASKIN","NIC.DOWD","TRAVIS.BOYD","2018-2019","WSH",8,51.28,55,54,1,50.46,-1.36,4,3,1,57.14,1.26,1.99,2.87,-0.88,40.95,-5.02,2,1,-1,107.71,54.55
"DOMINIK.SIMON","EVGENI.MALKIN","PATRIC.HORNQVIST","2018-2019","PIT",18,88.9,86,86,0,50,4.39,5,4,1,55.56,-7.6,3.74,4.29,-0.55,46.58,-2.06,5,5,0,102.85,61.22
"DOMINIK.SIMON","JAKE.GUENTZEL","SIDNEY.CROSBY","2018-2019","PIT",39,198.42,230,152,78,60.21,10.86,17,8,9,68,15.22,11.11,5.65,5.46,66.29,16.14,10,12,2,105.21,57.14
"DOMINIK.SIMON","NICK.BJUGSTAD","PATRIC.HORNQVIST","2018-2019","PIT",17,125.45,141,93,48,60.26,13.68,5,2,3,71.43,17.77,5.51,2.77,2.74,66.55,16.92,8,7,-1,102.67,63.64
"DRAKE.CAGGIULA","JONATHAN.TOEWS","PATRICK.KANE","2018-2019","CHI",17,188.55,188,187,1,50.13,2.6,11,7,4,61.11,13.68,7.79,9.49,-1.7,45.08,1.91,8,16,8,103.68,63.16
"DRYDEN.HUNT","RILEY.SHEAHAN","TROY.BROUWER","2018-2019","FLA",13,84.97,78,59,19,56.93,9,3,2,1,60,2,3.97,1.95,2.02,67.06,21.29,4,4,0,100.75,53.33
"DYLAN.LARKIN","GUSTAV.NYQUIST","JUSTIN.ABDELKADER","2018-2019","DET",33,200.3,221,187,34,54.17,8.17,10,12,-2,45.45,-2.21,10.74,9.24,1.5,53.75,10.09,10,13,3,97.12,57.34
"DYLAN.LARKIN","GUSTAV.NYQUIST","TYLER.BERTUZZI","2018-2019","DET",35,167.95,200,144,56,58.14,9.98,14,7,7,66.67,20.11,9.12,8.4,0.72,52.05,5.42,11,13,2,105.52,49.23
"ELIAS.LINDHOLM","JOHNNY.GAUDREAU","SEAN.MONAHAN","2018-2019","CGY",75,802.03,827,684,143,54.73,0.72,52,33,19,61.18,8.02,40.21,32.4,7.81,55.38,2.72,35,44,9,102.92,57.84
"ELIAS.PETTERSSON","LOUI.ERIKSSON","NIKOLAY.GOLDOBIN","2018-2019","VAN",20,94.65,103,81,22,55.98,11.4,5,4,1,55.56,10.82,4.38,4.05,0.33,51.96,10.29,8,12,4,99.18,82.76
"ERIC.FEHR","J.T..BROWN","MARCUS.FOLIGNO","2018-2019","MIN",46,284.28,228,247,-19,48,-3.31,8,7,1,53.33,3.33,9.16,7.48,1.68,55.05,0.42,21,14,-7,100.77,28.65
"ERIC.FEHR","MARCUS.FOLIGNO","MATT.HENDRICKS","2018-2019","MIN",14,62.7,53,57,-4,48.18,-1.03,1,3,-2,25,-26.92,1.59,2.43,-0.84,39.55,-12.68,2,2,0,93.89,28.95
"ERIC.STAAL","JASON.ZUCKER","JORDAN.GREENWAY","2018-2019","MIN",24,157.38,161,131,30,55.14,4.01,5,3,2,62.5,13.2,7.43,4.93,2.5,60.11,4.6,9,14,5,101.33,63.96
"ERIC.STAAL","JASON.ZUCKER","MIKAEL.GRANLUND","2018-2019","MIN",46,345.52,372,302,70,55.19,4.87,17,12,5,58.62,9.31,17.31,10.82,6.49,61.54,8.04,21,20,-1,100.33,55.33
"ERIC.STAAL","JASON.ZUCKER","NINO.NIEDERREITER","2018-2019","MIN",32,53.33,55,54,1,50.46,2,1,4,-3,20,-23.4,2.12,1.93,0.19,52.35,0.6,0,3,3,87.74,52
"ERIC.STAAL","JORDAN.GREENWAY","MIKAEL.GRANLUND","2018-2019","MIN",26,61.4,60,53,7,53.1,2.32,3,3,0,50,0,2.35,1.45,0.9,61.84,6.9,5,5,0,100.4,39.02
"EVANDER.KANE","JOE.PAVELSKI","JOONAS.DONSKOI","2018-2019","S.J",32,205.07,189,175,14,51.92,-5.37,6,10,-4,37.5,-12.88,9.67,6.22,3.45,60.86,4.31,13,14,1,93.42,55.78
"EVANDER.KANE","JOE.PAVELSKI","KEVIN.LABANC","2018-2019","S.J",29,84.83,114,72,42,61.29,6.13,3,6,-3,33.33,-17.91,7.06,4.71,2.35,59.98,3.43,10,13,3,89.92,62.69
"EVANDER.KANE","JOONAS.DONSKOI","TOMAS.HERTL","2018-2019","S.J",37,288.6,291,232,59,55.64,0.38,17,16,1,51.52,1.52,13.57,10.34,3.23,56.75,3.9,27,21,-6,97.19,53.81
"EVAN.RODRIGUES","JASON.POMINVILLE","VLADIMIR.SOBOTKA","2018-2019","BUF",18,65.58,49,60,-11,44.95,-2.53,2,7,-5,22.22,-29.34,1.18,2.27,-1.09,34.2,-11.51,4,3,-1,88,19.23
"EVAN.RODRIGUES","JEFF.SKINNER","SAM.REINHART","2018-2019","BUF",35,55.93,59,47,12,55.66,5.24,3,3,0,50,8.78,2.57,1.81,0.76,58.68,12.3,1,2,1,97.14,69.05
"EVAN.RODRIGUES","JOHAN.LARSSON","ZEMGUS.GIRGENSONS","2018-2019","BUF",20,72.8,66,68,-2,49.25,2.06,3,1,2,75,20.57,1.85,2.84,-0.99,39.45,-8.91,3,3,0,106.05,14.06
"EVGENI.MALKIN","PHIL.KESSEL","TANNER.PEARSON","2018-2019","PIT",29,95.98,83,93,-10,47.16,-2.84,4,3,1,57.14,0.51,3.6,3.62,-0.02,49.86,-2.39,2,2,0,102.28,61.82
"EVGENI.MALKIN","PHIL.KESSEL","ZACH.ASTON-REESE","2018-2019","PIT",26,159.7,154,136,18,53.1,3.15,7,5,2,58.33,-3.62,6.8,4.93,1.87,57.97,5,14,12,-2,101.54,73.75
"EVGENY.KUZNETSOV","JAKUB.VRANA","T.J..OSHIE","2018-2019","WSH",42,69.72,74,51,23,59.2,9.23,2,2,0,50,-5.15,2.55,2.03,0.52,55.68,7.11,6,8,2,97.71,64.71
"EVGENY.KUZNETSOV","JAKUB.VRANA","TOM.WILSON","2018-2019","WSH",34,145.9,159,149,10,51.62,2.22,11,3,8,78.57,25.9,8.2,7.82,0.38,51.19,1.37,9,11,2,109.78,56.58
"FILIP.CHYTIL","JESPER.FAST","RYAN.STROME","2018-2019","NYR",17,81.48,55,83,-28,39.86,-7.95,2,3,-1,40,-10,1.95,2.78,-0.83,41.23,-7.14,5,3,-2,99.17,57.14
"FILIP.CHYTIL","MATS.ZUCCARELLO","MIKA.ZIBANEJAD","2018-2019","NYR",26,59.75,44,57,-13,43.56,-4.24,0,6,-6,0,-47.92,1.64,2.51,-0.87,39.52,-9.57,4,4,0,81.25,53.85
"FILIP.CHYTIL","RYAN.STROME","VLADISLAV.NAMESTNIKOV","2018-2019","NYR",29,64.43,59,66,-7,47.2,2.33,2,3,-1,40,-4.95,2.34,2.87,-0.53,44.91,-1.36,4,4,0,96.73,51.22
"FILIP.FORSBERG","KEVIN.FIALA","RYAN.JOHANSEN","2018-2019","NSH",13,90.48,96,76,20,55.81,1.79,2,2,0,50,1.72,4.72,2.85,1.87,62.35,13.09,3,8,5,98.7,65.06
"FILIP.FORSBERG","RYAN.JOHANSEN","VIKTOR.ARVIDSSON","2018-2019","NSH",45,472.9,610,430,180,58.65,9.52,29,23,6,55.77,4.05,30.73,22.02,8.71,58.26,11.18,31,34,3,100.3,68
"FRANK.VATRANO","HENRIK.BORGSTROM","MIKE.HOFFMAN","2018-2019","FLA",14,66.17,48,53,-5,47.52,-2.82,2,1,1,66.67,22.02,1.28,2.8,-1.52,31.37,-14.8,2,3,1,105.21,74.36
"FRANK.VATRANO","JONATHAN.HUBERDEAU","VINCENT.TROCHECK","2018-2019","FLA",17,113.18,128,125,3,50.59,2.98,3,4,-1,42.86,-8.71,5.61,5.67,-0.06,49.73,4.3,8,12,4,98.47,45.35
"FRANK.VATRANO","MIKE.HOFFMAN","VINCENT.TROCHECK","2018-2019","FLA",20,101.5,102,100,2,50.5,1.52,3,2,1,60,10.62,4.69,4.05,0.64,53.66,5.45,4,6,2,100.6,68.85
"FRANS.NIELSEN","LUKE.WITKOWSKI","THOMAS.VANEK","2018-2019","DET",17,53.98,53,48,5,52.48,7.98,3,0,3,100,57.33,2.14,1.99,0.15,51.82,6.49,2,1,-1,109.38,66.67
"FRANS.NIELSEN","THOMAS.VANEK","TYLER.BERTUZZI","2018-2019","DET",27,59.63,61,50,11,54.95,6.25,5,0,5,100,61.39,3.18,1.51,1.67,67.8,21.7,3,0,-3,112.5,60
"FREDERICK.GAUDREAU","MIIKKA.SALOMAKI","ROCCO.GRIMALDI","2018-2019","NSH",14,71.17,81,38,43,68.07,17.38,1,1,0,50,-6.25,3.52,1.12,2.4,75.86,26.95,5,7,2,97.27,66.67
"FREDERIK.GAUTHIER","JOSH.LEIVO","TYLER.ENNIS","2018-2019","TOR",19,127.82,110,114,-4,49.11,-0.8,4,0,4,100,42.19,3.92,3.25,0.67,54.67,4.61,5,5,0,108.33,35.48
"GABRIEL.LANDESKOG","MIKKO.RANTANEN","NATHAN.MACKINNON","2018-2019","COL",66,825.67,884,740,144,54.43,5.74,44,28,16,61.11,16.11,32.68,35.62,-2.94,47.85,-1.87,54,69,15,102.15,65.19
"GARRETT.WILSON","MATT.CULLEN","TEDDY.BLUEGER","2018-2019","PIT",14,61.75,51,69,-18,42.5,-6.45,2,1,1,66.67,11.67,2.13,3.38,-1.25,38.66,-14.25,3,6,3,104.97,15.79
"GREG.MCKEGG","SAKU.MAENALANEN","WARREN.FOEGELE","2018-2019","CAR",22,141.15,126,120,6,51.22,-2.4,4,7,-3,36.36,-28.11,6.59,5.65,0.94,53.84,-2.43,6,8,2,96.41,54.67
"ILYA.KOVALCHUK","JEFF.CARTER","TYLER.TOFFOLI","2018-2019","L.A",22,144.85,125,148,-23,45.79,-1.58,3,6,-3,33.33,-5.95,4.4,5.87,-1.47,42.84,-2.39,11,6,-5,97.3,53.21
"IVAN.BARBASHEV","JORDAN.NOLAN","OSKAR.SUNDQVIST","2018-2019","STL",13,70.95,65,61,4,51.59,-1.22,3,3,0,50,-4.55,1.72,2.58,-0.86,40,-20.55,5,4,-1,103.02,15.15
"IVAN.BARBASHEV","MACKENZIE.MACEACHERN","ROBERT.THOMAS","2018-2019","STL",17,65.3,60,51,9,54.05,5.03,3,1,2,75,11.21,4.07,1.63,2.44,71.4,18.6,4,3,-1,104.4,71.43
"IVAN.BARBASHEV","MACKENZIE.MACEACHERN","SAMMY.BLAIS","2018-2019","STL",11,61.47,50,46,4,52.08,-2.26,2,0,2,100,44.44,1.98,1.69,0.29,53.95,-2.72,5,4,-1,106.25,58.82
"IVAN.BARBASHEV","OSKAR.SUNDQVIST","ZACH.SANFORD","2018-2019","STL",27,54.22,39,52,-13,42.86,-9.38,1,1,0,50,-5.42,1.27,1.4,-0.13,47.57,-5.54,4,3,-1,101.01,24.14
"JACK.EICHEL","JASON.POMINVILLE","JEFF.SKINNER","2018-2019","BUF",40,249.65,268,225,43,54.36,4.78,22,15,7,59.46,16.41,12.87,9.71,3.16,57,8.4,9,12,3,102.47,77.02
"JACK.EICHEL","JEFF.SKINNER","SAM.REINHART","2018-2019","BUF",69,539.15,572,529,43,51.95,3.15,28,21,7,57.14,16.16,26.47,23.1,3.37,53.4,8.25,24,38,14,101.39,66.93
"JADEN.SCHWARTZ","RYAN.O'REILLY","VLADIMIR.TARASENKO","2018-2019","STL",44,129.3,151,98,53,60.64,8.6,7,1,6,87.5,28.24,5.95,3.73,2.22,61.47,5.53,6,10,4,107.5,61.86
"JAKE.GUENTZEL","JARED.MCCANN","SIDNEY.CROSBY","2018-2019","PIT",9,92.1,91,86,5,51.41,2.57,5,4,1,55.56,-8.73,3.96,2.42,1.54,62.07,9.64,5,7,2,100.24,51.32
"JAKE.GUENTZEL","PATRIC.HORNQVIST","SIDNEY.CROSBY","2018-2019","PIT",41,108.57,123,85,38,59.13,10.35,7,4,3,63.64,6.71,5.1,3.9,1.2,56.67,4.86,4,2,-2,102.18,63.49
"JAKE.GUENTZEL","PHIL.KESSEL","SIDNEY.CROSBY","2018-2019","PIT",54,57.32,76,56,20,57.58,8.06,6,2,4,75,18.63,4.34,2.76,1.58,61.13,9.46,5,2,-3,106.3,78.79
"JAKOB.SILFVERBERG","RICKARD.RAKELL","RYAN.GETZLAF","2018-2019","ANA",35,88.5,74,71,3,51.03,4.22,2,3,-1,40,-4.44,2.62,2.49,0.13,51.27,6.83,7,3,-4,96.44,44.23
"JAKUB.VORACEK","NOLAN.PATRICK","OSKAR.LINDBLOM","2018-2019","PHI",46,182.73,168,182,-14,48,0.41,4,8,-4,33.33,-17.93,7.38,6.02,1.36,55.07,7.71,10,13,3,95.51,40
"JAKUB.VORACEK","OSKAR.LINDBLOM","SEAN.COUTURIER","2018-2019","PHI",50,258.37,247,271,-24,47.68,1.41,11,12,-1,47.83,-1.65,10.49,10.88,-0.39,49.09,3.67,10,15,5,99.13,38.92
"JAKUB.VORACEK","SEAN.COUTURIER","WAYNE.SIMMONDS","2018-2019","PHI",23,95.98,82,74,8,52.56,1.6,2,6,-4,25,-26.16,3.79,3.01,0.78,55.74,6.28,4,7,3,89.81,46.27
"JAKUB.VRANA","NICKLAS.BACKSTROM","T.J..OSHIE","2018-2019","WSH",46,348.58,347,316,31,52.34,3.78,21,13,8,61.76,10.32,14.77,12.72,2.05,53.73,6.24,19,22,3,103.27,51.21
"JAMES.NEAL","JOHNNY.GAUDREAU","SEAN.MONAHAN","2018-2019","CGY",54,71,63,73,-10,46.32,-7.14,2,3,-1,40,-14.34,2.53,3.57,-1.04,41.48,-11.94,3,5,2,98.75,50
"JAMES.NEAL","MARK.JANKOWSKI","SAM.BENNETT","2018-2019","CGY",31,139.13,144,133,11,51.99,-2.21,5,9,-4,35.71,-18.45,5.76,5.56,0.2,50.88,-2.63,11,10,-1,95.48,57.45
"JAMES.NEAL","MATTHEW.TKACHUK","MIKAEL.BACKLUND","2018-2019","CGY",34,75.58,74,64,10,53.62,0.09,1,3,-2,25,-25,1.96,2.69,-0.73,42.15,-11.07,3,5,2,93.79,55.17
"JAMES.VAN RIEMSDYK","JORDAN.WEAL","WAYNE.SIMMONDS","2018-2019","PHI",12,113.9,121,100,21,54.75,1.51,2,3,-1,40,5.12,5.28,3.31,1.97,61.47,9.01,10,4,-6,98.12,54.67
"JAMIE.BENN","JASON.SPEZZA","TYLER.SEGUIN","2018-2019","DAL",31,58.72,62,52,10,54.39,7.08,1,1,0,50,6.25,1.91,1.88,0.03,50.4,1.21,1,3,2,99.52,81.97
"JARED.MCCANN","PHIL.KESSEL","TEDDY.BLUEGER","2018-2019","PIT",7,54.68,43,47,-4,47.78,-2.39,2,1,1,66.67,6.67,1.7,1.49,0.21,53.29,0.95,3,2,-1,105.24,63.33
"JASON.POMINVILLE","TAGE.THOMPSON","VLADIMIR.SOBOTKA","2018-2019","BUF",18,97.63,91,100,-9,47.64,-1.63,1,1,0,50,2.54,3.15,3.7,-0.55,45.99,-4.79,9,3,-6,100.13,52.38
"JASON.ZUCKER","MIKAEL.GRANLUND","MIKKO.KOIVU","2018-2019","MIN",36,121.33,121,120,1,50.21,0.03,0,3,-3,0,-48.82,4.05,3.44,0.61,54.07,-0.33,8,4,-4,94.12,51.06
"JAY.BEAGLE","LOUI.ERIKSSON","TYLER.MOTTE","2018-2019","VAN",34,165.52,120,166,-46,41.96,-7.69,3,6,-3,33.33,-14.76,4.74,7.69,-2.95,38.13,-8.89,9,4,-5,98.79,22.83
"JAY.BEAGLE","TIM.SCHALLER","TYLER.MOTTE","2018-2019","VAN",13,85.78,79,84,-5,48.47,2.28,1,6,-5,14.29,-40.71,3.59,2.34,1.25,60.54,15.94,3,4,1,88.45,34.78
"JAYCE.HAWRYLUK","MIKE.HOFFMAN","VINCENT.TROCHECK","2018-2019","FLA",7,54.13,57,54,3,51.35,7.83,3,4,-1,42.86,8.37,2.22,2.04,0.18,52.11,9.36,5,5,0,94.78,52.08
"JEAN-GABRIEL.PAGEAU","MAGNUS.PAAJARVI","ZACK.SMITH","2018-2019","OTT",26,177.08,179,165,14,52.03,5.06,5,5,0,50,8.97,7.22,5.44,1.78,57.03,9.6,6,2,-4,99.1,36.89
"JEFF.CARTER","KYLE.CLIFFORD","TREVOR.LEWIS","2018-2019","L.A",16,77.72,67,84,-17,44.37,-2.88,1,3,-2,25,-20.31,3.77,2.95,0.82,56.1,7.65,6,5,-1,96.04,42.31
"JEFF.CARTER","KYLE.CLIFFORD","TYLER.TOFFOLI","2018-2019","L.A",26,84.93,108,80,28,57.45,11.01,1,2,-1,33.33,-10.04,4.66,3.93,0.73,54.25,6.64,9,4,-5,97.56,46.38
"JESPER.BRATT","KYLE.PALMIERI","NICO.HISCHIER","2018-2019","N.J",16,120.4,107,121,-14,46.93,2.64,4,4,0,50,1.61,4.91,4.25,0.66,53.6,9.43,4,6,2,101.61,46.81
"JESPER.BRATT","MARCUS.JOHANSSON","NICO.HISCHIER","2018-2019","N.J",22,85.2,90,91,-1,49.72,2.37,6,3,3,66.67,26.45,3.37,4.69,-1.32,41.81,-5.04,1,4,3,105.66,42.86
"JESPER.BRATT","MARCUS.JOHANSSON","PAVEL.ZACHA","2018-2019","N.J",17,119.63,120,114,6,51.28,2.6,4,7,-3,36.36,-7.75,4.81,6.69,-1.88,41.83,-6.87,6,5,-1,95.48,36.84
"JESPER.FAST","MIKA.ZIBANEJAD","VLADISLAV.NAMESTNIKOV","2018-2019","NYR",25,70,57,65,-8,46.72,-0.55,2,3,-1,40,-7.83,2.76,2.97,-0.21,48.17,0.74,4,2,-2,95.88,45.65
"JESPER.FAST","RYAN.STROME","VLADISLAV.NAMESTNIKOV","2018-2019","NYR",22,128.73,120,128,-8,48.39,2.18,3,4,-1,42.86,-7.83,5.01,5.59,-0.58,47.26,1.25,9,11,2,98.24,41.25
"JESPERI.KOTKANIEMI","JOEL.ARMIA","JONATHAN.DROUIN","2018-2019","MTL",30,84.62,91,78,13,53.85,-1.5,1,2,-1,33.33,-26.17,2.92,2.59,0.33,52.99,-2.39,2,0,-2,97.62,75
"JESPERI.KOTKANIEMI","JOEL.ARMIA","PAUL.BYRON","2018-2019","MTL",25,122.78,114,113,1,50.22,-4.06,7,2,5,77.78,18.23,4.27,3.85,0.42,52.59,-2.49,4,9,5,106.52,68.57
"JESSE.PULJUJARVI","JUJHAR.KHAIRA","RYAN.NUGENT-HOPKINS","2018-2019","EDM",22,79.8,60,62,-2,49.18,0.35,4,6,-2,40,-7.3,2.94,2.28,0.66,56.32,7.66,5,4,-1,93.55,45
"JESSE.PULJUJARVI","MILAN.LUCIC","RYAN.NUGENT-HOPKINS","2018-2019","EDM",17,53.13,40,49,-9,44.94,0.51,2,0,2,100,54.93,1.51,1.22,0.29,55.31,12.58,2,1,-1,111.76,40
"JIMMY.VESEY","KEVIN.HAYES","PAVEL.BUCHNEVICH","2018-2019","NYR",21,78.8,86,83,3,50.89,4.79,4,5,-1,44.44,1.78,3.52,4.66,-1.14,43.03,-6.01,1,6,5,96.68,58.7
"JOEL.ERIKSSON EK","LUKE.KUNIN","MARCUS.FOLIGNO","2018-2019","MIN",21,81.25,81,73,8,52.6,0.54,6,4,2,60,13.45,3.67,1.61,2.06,69.51,14.91,9,6,-3,101.47,39.13
"JOE.PAVELSKI","JOE.THORNTON","MARCUS.SORENSEN","2018-2019","S.J",44,177.28,186,146,40,56.02,0.96,7,11,-4,38.89,-16.95,8.02,7.47,0.55,51.78,-3.95,9,8,-1,93.22,54.76
"JOE.PAVELSKI","LOGAN.COUTURE","TIMO.MEIER","2018-2019","S.J",36,257.57,275,247,28,52.68,-0.38,12,15,-3,44.44,-7.3,12.9,11.03,1.87,53.91,2.38,18,17,-1,97.03,50.53
"JOE.THORNTON","KEVIN.LABANC","MARCUS.SORENSEN","2018-2019","S.J",57,368.57,359,312,47,53.5,-0.38,20,12,8,62.5,11.62,14.12,14.3,-0.18,49.68,-4.66,20,21,1,104.2,57.34
"JOHAN.LARSSON","KYLE.OKPOSO","ZEMGUS.GIRGENSONS","2018-2019","BUF",26,174.63,139,140,-1,49.82,-1.19,8,4,4,66.67,25.93,5.12,6.9,-1.78,42.6,-6.51,9,11,2,105.85,15.38
"JOHAN.LARSSON","PATRIK.BERGLUND","ZEMGUS.GIRGENSONS","2018-2019","BUF",15,122.35,115,84,31,57.79,9.05,3,5,-2,37.5,-22.15,5,3.8,1.2,56.82,8.35,4,6,2,94.63,12.35
"JOHAN.LARSSON","TAGE.THOMPSON","ZEMGUS.GIRGENSONS","2018-2019","BUF",27,66.12,69,56,13,55.2,6.96,2,4,-2,33.33,-15.29,2.23,2.23,0,50,2.37,2,1,-1,91.76,22.22
"JOHNNY.GAUDREAU","MATTHEW.TKACHUK","SEAN.MONAHAN","2018-2019","CGY",39,83.4,103,74,29,58.19,3.87,3,7,-4,30,-23.79,5.06,4.07,0.99,55.42,2.84,4,6,2,88.5,65.22
"JOHN.TAVARES","KASPERI.KAPANEN","ZACH.HYMAN","2018-2019","TOR",45,50.17,66,48,18,57.89,6.32,1,3,-2,25,-33.1,2.73,2.67,0.06,50.56,-0.42,3,6,3,91.2,39.13
"JOHN.TAVARES","MITCH.MARNER","ZACH.HYMAN","2018-2019","TOR",66,767.57,917,779,138,54.07,3.17,49,33,16,59.76,7,41.45,32.45,9,56.09,6.57,44,48,4,102.9,53.79
"JONATHAN.DROUIN","MAX.DOMI","PAUL.BYRON","2018-2019","MTL",16,66.02,84,68,16,55.26,0.96,3,5,-2,37.5,-20.19,3.24,3.25,-0.01,49.92,-1.95,3,2,-1,93.21,53.85
"JONATHAN.HUBERDEAU","MIKE.HOFFMAN","VINCENT.TROCHECK","2018-2019","FLA",32,76.12,92,68,24,57.5,8.61,3,4,-1,42.86,-3.54,3.3,3.66,-0.36,47.41,1.26,2,8,6,96.01,65.08
"JONATHAN.MARCHESSAULT","REILLY.SMITH","WILLIAM.KARLSSON","2018-2019","VGK",71,795.22,838,714,124,53.99,-0.23,38,37,1,50.67,-2.64,36.65,28.85,7.8,55.95,-0.42,34,39,5,98.66,52.46
"JORDAN.GREENWAY","MIKKO.KOIVU","NINO.NIEDERREITER","2018-2019","MIN",17,54.22,41,53,-12,43.62,-7.48,1,2,-1,33.33,-9.52,0.9,1.78,-0.88,33.58,-20.7,3,1,-2,97.22,37.84
"JORDAN.MARTINOOK","JUSTIN.WILLIAMS","LUCAS.WALLMARK","2018-2019","CAR",28,55.28,50,54,-4,48.08,-7.93,1,5,-4,16.67,-38.99,1.95,1.4,0.55,58.21,-0.62,1,2,1,81.71,34.29
"JORDAN.MARTINOOK","LUCAS.WALLMARK","MICHEAL.FERLAND","2018-2019","CAR",21,97.13,95,88,7,51.91,-2.73,2,4,-2,33.33,-19.05,5.19,2.99,2.2,63.45,6.5,6,3,-3,93.56,49.25
"JORDAN.MARTINOOK","SEBASTIAN.AHO","TEUVO.TERAVAINEN","2018-2019","CAR",31,78.77,85,65,20,56.67,0.65,4,3,1,57.14,5.86,5.05,3.61,1.44,58.31,-0.67,3,3,0,102.42,56.52
"JORDAN.STAAL","JUSTIN.WILLIAMS","WARREN.FOEGELE","2018-2019","CAR",23,184.88,243,139,104,63.61,6.63,5,8,-3,38.46,-13.65,10.72,5.37,5.35,66.63,9.56,9,17,8,93.47,59.48
"JORDAN.STAAL","MICHEAL.FERLAND","TEUVO.TERAVAINEN","2018-2019","CAR",25,56.88,50,41,9,54.95,-0.81,6,2,4,75,33.02,2.67,1.13,1.54,70.26,12.62,3,1,-2,115.93,45
"JOSH.ANDERSON","MATT.DUCHENE","RYAN.DZINGEL","2018-2019","CBJ",13,81.75,82,82,0,50,1.25,4,1,3,80,32.63,3.57,3.67,-0.1,49.31,0.07,0,3,3,106.11,64.41
"JOSH.ARCHIBALD","LAWSON.CROUSE","MARIO.KEMPE","2018-2019","ARI",28,177.05,145,209,-64,40.96,-6.72,6,8,-2,42.86,-3.88,4.74,7.12,-2.38,39.97,-12.69,9,15,6,99.16,40.23
"JOSH.ARCHIBALD","LAWSON.CROUSE","NICK.COUSINS","2018-2019","ARI",43,135.62,109,157,-48,40.98,-7.06,4,5,-1,44.44,-8.5,4.13,5.56,-1.43,42.62,-7.7,14,19,5,101.38,46.27
"J.T..MILLER","NIKITA.KUCHEROV","STEVEN.STAMKOS","2018-2019","T.B",30,148.72,169,146,23,53.65,1.37,6,6,0,50,-4.03,5.11,6.04,-0.93,45.83,-6.4,10,8,-2,98.87,62.86
"J.T..MILLER","ONDREJ.PALAT","STEVEN.STAMKOS","2018-2019","T.B",25,134.78,135,108,27,55.56,2.52,7,4,3,63.64,14.13,4.3,4.53,-0.23,48.7,-4.56,11,7,-4,101.66,57.38
"JUJHAR.KHAIRA","KYLE.BRODZIAK","ZACK.KASSIAN","2018-2019","EDM",31,124.5,112,102,10,52.34,3.14,5,8,-3,38.46,-8.07,4.65,4.35,0.3,51.67,3,10,5,-5,93.91,44.93
"JUSTIN.ABDELKADER","LUKE.GLENDENING","TYLER.BERTUZZI","2018-2019","DET",24,93.38,73,113,-40,39.25,-7.06,3,4,-1,42.86,-10.39,3.08,6.87,-3.79,30.95,-17.1,9,2,-7,103.12,36.62
"JUSTIN.WILLIAMS","NINO.NIEDERREITER","SEBASTIAN.AHO","2018-2019","CAR",32,391.58,481,332,149,59.16,6.42,23,16,7,58.97,5.64,25.1,15.69,9.41,61.53,7.39,18,28,10,99.68,63.36
"KASPERI.KAPANEN","NAZEM.KADRI","PATRICK.MARLEAU","2018-2019","TOR",47,273.1,294,259,35,53.16,0.9,7,8,-1,46.67,-11.03,12.46,10.57,1.89,54.1,0.55,13,16,3,99.16,48.51
"KENNY.AGOSTINO","MICHAEL.CHAPUT","NICOLAS.DESLAURIERS","2018-2019","MTL",22,161.53,178,131,47,57.61,3.41,4,5,-1,44.44,-12.27,5.83,4.38,1.45,57.1,3.76,13,11,-2,97.74,54.93
"KEVIN.FIALA","LUKE.KUNIN","ZACH.PARISE","2018-2019","MIN",7,52.62,54,57,-3,48.65,-0.51,1,3,-2,25,-35,1.49,2.51,-1.02,37.25,-21.99,0,0,0,95.27,67.65
"KEVIN.FIALA","RYAN.HARTMAN","RYAN.JOHANSEN","2018-2019","NSH",22,118.92,126,100,26,55.75,1.29,9,9,0,50,-2.73,5.95,4.68,1.27,55.97,5.25,8,1,-7,98.83,76.39
"KEVIN.HAYES","KYLE.CONNOR","NIKOLAJ.EHLERS","2018-2019","WPG",12,107,99,94,5,51.3,9.4,6,5,1,54.55,1.77,4.76,4.07,0.69,53.91,13.55,0,4,4,101.1,70.31
"KEVIN.LABANC","LOGAN.COUTURE","TIMO.MEIER","2018-2019","S.J",33,59.42,63,70,-7,47.37,-7.59,2,6,-4,25,-26.43,2.36,3.48,-1.12,40.41,-14.69,2,1,-1,93.62,60
"KEVIN.LABANC","LOGAN.COUTURE","TOMAS.HERTL","2018-2019","S.J",25,58.7,72,46,26,61.02,5.32,1,3,-2,25,-24.04,2.07,2.31,-0.24,47.26,-7.51,3,5,2,91.7,65.52
"KYLE.BRODZIAK","MILAN.LUCIC","ZACK.KASSIAN","2018-2019","EDM",41,167.13,155,147,8,51.32,1.66,1,5,-4,16.67,-30.8,6.54,6.56,-0.02,49.92,2.5,9,9,0,94.32,31.78
"KYLE.BRODZIAK","TOBIAS.RIEDER","ZACK.KASSIAN","2018-2019","EDM",22,57.27,53,63,-10,45.69,-0.94,2,2,0,50,14.29,2.35,2.76,-0.41,45.99,5.21,3,4,1,99.75,25
"KYLE.PALMIERI","MARCUS.JOHANSSON","NICO.HISCHIER","2018-2019","N.J",32,124.22,106,116,-10,47.75,1.05,5,5,0,50,8.33,5.03,4.27,0.76,54.09,8.56,2,9,7,98.52,64.63
"KYLE.PALMIERI","NICO.HISCHIER","TAYLOR.HALL","2018-2019","N.J",28,279.78,280,246,34,53.23,6.08,21,11,10,65.62,26.54,14.75,10.33,4.42,58.81,11.14,14,23,9,103.95,58.41
"KYLE.PALMIERI","TAYLOR.HALL","TRAVIS.ZAJAC","2018-2019","N.J",23,70.9,69,71,-2,49.29,-0.81,2,3,-1,40,-12.08,4.57,3.05,1.52,59.97,8.95,5,3,-2,96.79,43.94
"LEO.KOMAROV","MICHAEL.DAL COLLE","VALTTERI.FILPPULA","2018-2019","NYI",16,116.83,95,91,4,51.08,1.27,6,1,5,85.71,33.44,3.73,3.44,0.29,52.02,-3.08,3,3,0,108.3,34.78
"LEO.KOMAROV","TOM.KUHNHACKL","VALTTERI.FILPPULA","2018-2019","NYI",20,109.85,87,117,-30,42.65,-2.56,5,4,1,55.56,0.17,3.82,3.31,0.51,53.58,5.56,4,5,1,103.52,37.5
"LOGAN.COUTURE","LUKAS.RADIL","TIMO.MEIER","2018-2019","S.J",19,121.22,138,92,46,60,1.73,4,2,2,66.67,13.33,5.8,2.91,2.89,66.59,8.28,6,4,-2,102.2,56.9
"LOGAN.COUTURE","TIMO.MEIER","TOMAS.HERTL","2018-2019","S.J",36,231.17,254,216,38,54.04,-3.05,14,15,-1,48.28,-1.72,11.02,10.32,0.7,51.64,-4.83,10,9,-1,97.99,44.72
"LUCAS.WALLMARK","MICHEAL.FERLAND","TEUVO.TERAVAINEN","2018-2019","CAR",33,116.15,91,93,-2,49.46,-6.59,3,1,2,75,22.11,4.65,3.44,1.21,57.48,0.7,10,4,-6,104.43,45
"LUKAS.SEDLAK","MARKUS.HANNIKAINEN","RILEY.NASH","2018-2019","CBJ",21,139.1,108,93,15,53.73,5.17,4,6,-2,40,-13.77,4.91,3.62,1.29,57.56,11.77,3,5,2,93.56,41.86
"LUKAS.SEDLAK","OLIVER.BJORKSTRAND","RILEY.NASH","2018-2019","CBJ",16,50.1,52,42,10,55.32,3.53,1,0,1,100,53.66,2.06,1.44,0.62,58.86,9.93,1,2,1,103.57,55.56
"LUKE.GLENDENING","MICHAEL.RASMUSSEN","TYLER.BERTUZZI","2018-2019","DET",22,113.03,77,97,-20,44.25,-3.11,5,3,2,62.5,16.67,3.66,3.88,-0.22,48.54,4.27,6,3,-3,105.11,40
"MAGNUS.PAAJARVI","RYAN.DZINGEL","ZACK.SMITH","2018-2019","OTT",19,62.07,54,92,-38,36.99,-8.8,1,3,-2,25,-18.08,2.57,4.19,-1.62,38.02,-10.85,5,1,-4,97.23,42.86
"MAGNUS.PAAJARVI","TOM.PYATT","ZACK.SMITH","2018-2019","OTT",24,107.03,75,127,-52,37.13,-5.53,2,3,-1,40,-8.67,3.74,4.1,-0.36,47.7,3.28,10,5,-5,99.68,42.25
"MARK.STONE","MATT.DUCHENE","RYAN.DZINGEL","2018-2019","OTT",42,104.08,112,111,1,50.22,4.42,8,5,3,61.54,18.17,4.62,5.04,-0.42,47.83,0.52,8,5,-3,104.64,51.39
"MARK.STONE","MAX.PACIORETTY","PAUL.STASTNY","2018-2019","VGK",12,142.97,175,108,67,61.84,7.92,8,3,5,72.73,3.5,10.54,3.83,6.71,73.35,16.76,6,9,3,103.05,62.63
"MARKUS.GRANLUND","TIM.SCHALLER","TYLER.MOTTE","2018-2019","VAN",18,69.73,59,52,7,53.15,6.48,1,2,-1,33.33,-11.59,1.94,1.65,0.29,54.04,10.61,2,5,3,96.44,52.38
"MATT.CULLEN","PATRIC.HORNQVIST","RILEY.SHEAHAN","2018-2019","PIT",13,53.92,45,83,-38,35.16,-14.25,3,2,1,60,0.74,2.13,3.2,-1.07,39.96,-10.34,1,1,0,105,10.64
"MATT.CULLEN","RILEY.SHEAHAN","ZACH.ASTON-REESE","2018-2019","PIT",9,56.53,40,52,-12,43.48,0.26,3,0,3,100,31.25,1.98,1.68,0.3,54.1,7.55,2,2,0,111.54,4.17
"MATTHEW.TKACHUK","MICHAEL.FROLIK","MIKAEL.BACKLUND","2018-2019","CGY",47,402.67,457,308,149,59.74,4.98,28,14,14,66.67,13.37,21.56,14.87,6.69,59.18,6.14,26,17,-9,102.34,57.38
"MATTHEW.TKACHUK","MIKAEL.BACKLUND","SAM.BENNETT","2018-2019","CGY",27,194.55,205,164,41,55.56,2.63,10,9,1,52.63,0.63,9.23,7.47,1.76,55.27,3.28,13,19,6,98.26,61.42
"MATTIAS.JANMARK","RADEK.FAKSA","TYLER.PITLICK","2018-2019","DAL",33,51.97,37,44,-7,45.68,-0.82,0,0,0,NA,NA,1.31,1.33,-0.02,49.62,0.78,1,1,0,100,19.05
"MICHEAL.FERLAND","SEBASTIAN.AHO","TEUVO.TERAVAINEN","2018-2019","CAR",46,297.77,338,260,78,56.52,1.23,20,10,10,66.67,15.6,16.03,13.3,2.73,54.65,-2.29,12,12,0,103.3,61.11
"MIKAEL.GRANLUND","MIKKO.KOIVU","ZACH.PARISE","2018-2019","MIN",29,131.4,120,122,-2,49.59,-1.22,4,2,2,66.67,28.37,4.65,4.75,-0.1,49.47,-4.03,10,12,2,103.01,47.57
"MIKKO.KOIVU","NINO.NIEDERREITER","ZACH.PARISE","2018-2019","MIN",24,134.85,130,99,31,56.77,7.28,7,9,-2,43.75,-6.97,5.45,4.1,1.35,57.07,3.16,7,7,0,91.21,54.46
"NAZEM.KADRI","PATRICK.MARLEAU","WILLIAM.NYLANDER","2018-2019","TOR",30,94.8,123,77,46,61.5,6.07,2,4,-2,33.33,-21.86,4.99,3.38,1.61,59.62,4.29,3,4,1,93.85,62.2
"NIKITA.KUCHEROV","ONDREJ.PALAT","STEVEN.STAMKOS","2018-2019","T.B",40,60.97,73,45,28,61.86,9.72,4,3,1,57.14,-0.09,3.46,1.86,1.6,65.04,11.25,1,4,3,98.07,67.5
"NIKITA.KUCHEROV","ONDREJ.PALAT","TYLER.JOHNSON","2018-2019","T.B",11,64.28,59,62,-3,48.76,-2.28,4,3,1,57.14,-9.52,2.08,1.68,0.4,55.32,0.5,4,5,1,103.66,57.14
"NOLAN.PATRICK","SCOTT.LAUGHTON","WAYNE.SIMMONDS","2018-2019","PHI",23,173.3,130,187,-57,41.01,-6.46,7,7,0,50,3.25,6.89,7.53,-0.64,47.78,2.2,11,14,3,102.78,39.82
"ONDREJ.KASE","PONTUS.ABERG","RYAN.GETZLAF","2018-2019","ANA",13,86.07,103,67,36,60.59,11.08,4,6,-2,40,-6.43,3.42,3.9,-0.48,46.72,0.82,4,11,7,88.8,60.71
"ONDREJ.KASE","RICKARD.RAKELL","RYAN.GETZLAF","2018-2019","ANA",15,50.83,55,49,6,52.88,5.06,2,2,0,50,1.92,3.07,2.13,0.94,59.04,9.1,1,2,1,97.58,44.83
"ONDREJ.PALAT","STEVEN.STAMKOS","YANNI.GOURDE","2018-2019","T.B",34,241.18,241,246,-5,49.49,-1.96,8,17,-9,32,-27.5,8.81,9.34,-0.53,48.54,-4.53,14,14,0,95.09,60.2
"OSCAR.LINDBERG","RYAN.CARPENTER","TOMAS.NOSEK","2018-2019","VGK",9,62.37,62,40,22,60.78,9.22,3,5,-2,37.5,-3.12,3.27,1.84,1.43,63.99,11.6,3,2,-1,90.34,52.94
"OSKAR.SUNDQVIST","PAT.MAROON","ZACH.SANFORD","2018-2019","STL",18,124.28,111,110,1,50.23,-1.69,5,2,3,71.43,14.29,6.36,3.42,2.94,65.03,9.78,11,9,-2,103.76,60.87
"PAT.MAROON","ROBERT.THOMAS","TYLER.BOZAK","2018-2019","STL",31,234.43,210,197,13,51.6,-1.23,11,10,1,52.38,-1.3,9.67,7.06,2.61,57.8,4.9,11,7,-4,100.63,54.17
"PAT.MAROON","RYAN.O'REILLY","VLADIMIR.TARASENKO","2018-2019","STL",20,80.95,78,73,5,51.66,1.72,4,6,-2,40,-7.3,3.53,3.01,0.52,53.98,0.57,2,3,1,92.16,70.18
"PIERRE-EDOUARD.BELLEMARE","RYAN.CARPENTER","RYAN.REAVES","2018-2019","VGK",14,76.05,90,49,41,64.75,12.45,3,3,0,50,-16,4.05,1.93,2.12,67.73,9.55,0,1,1,96.52,68.75
"PIERRE-EDOUARD.BELLEMARE","RYAN.REAVES","TOMAS.NOSEK","2018-2019","VGK",34,121.5,121,106,15,53.3,0.46,3,4,-1,42.86,-8.66,6.19,4.74,1.45,56.63,2.31,4,5,1,97.85,48.61
"PIERRE-EDOUARD.BELLEMARE","RYAN.REAVES","WILLIAM.CARRIER","2018-2019","VGK",46,349.97,340,276,64,55.19,1.39,10,10,0,50,1.81,17.13,11.17,5.96,60.53,5.9,21,17,-4,98.83,57.87
"PONTUS.ABERG","RICKARD.RAKELL","RYAN.GETZLAF","2018-2019","ANA",17,107.93,122,97,25,55.71,10.28,7,5,2,58.33,12.5,4.83,5.51,-0.68,46.71,0.05,8,5,-3,100,60.94
"RADEK.FAKSA","TYLER.PITLICK","VALERI.NICHUSHKIN","2018-2019","DAL",23,90.83,69,92,-23,42.86,-4.51,1,5,-4,16.67,-28.07,2.6,3.04,-0.44,46.1,-3.35,2,1,-1,90.87,21.74
"RYAN.O'REILLY","VLADIMIR.TARASENKO","ZACH.SANFORD","2018-2019","STL",28,55.17,52,63,-11,45.22,-5.12,3,1,2,75,25,2.32,2.66,-0.34,46.59,-6.3,6,2,-4,108.55,44.9
